frame,vehicle_type,estimated_speed,status
1,car,85,OVER-SPEED
1,car,84,OVER-SPEED
2,car,87,OVER-SPEED
2,car,80,OVER-SPEED
3,car,87,OVER-SPEED
3,car,77,OVER-SPEED
4,car,90,OVER-SPEED
4,car,77,OVER-SPEED
5,car,75,OVER-SPEED
5,car,87,OVER-SPEED
6,car,83,OVER-SPEED
6,car,71,OVER-SPEED
7,car,83,OVER-SPEED
7,car,71,OVER-SPEED
8,car,80,OVER-SPEED
8,car,71,OVER-SPEED
9,car,78,OVER-SPEED
9,car,70,OVER-SPEED
10,car,66,OVER-SPEED
10,car,76,OVER-SPEED
11,car,72,OVER-SPEED
11,car,61,OVER-SPEED
11,car,65,OVER-SPEED
12,car,66,OVER-SPEED
12,car,71,OVER-SPEED
12,car,66,OVER-SPEED
13,car,67,OVER-SPEED
13,car,71,OVER-SPEED
13,car,66,OVER-SPEED
14,car,71,OVER-SPEED
14,car,68,OVER-SPEED
14,car,65,OVER-SPEED
15,car,62,OVER-SPEED
15,car,75,OVER-SPEED
15,car,67,OVER-SPEED
16,car,70,OVER-SPEED
16,car,63,OVER-SPEED
16,car,66,OVER-SPEED
17,car,61,OVER-SPEED
18,car,61,OVER-SPEED
19,car,61,OVER-SPEED
42,car,63,OVER-SPEED
43,car,63,OVER-SPEED
44,car,66,OVER-SPEED
45,car,69,OVER-SPEED
46,car,73,OVER-SPEED
47,car,78,OVER-SPEED
48,car,86,OVER-SPEED
49,car,86,OVER-SPEED
50,car,77,OVER-SPEED
51,car,67,OVER-SPEED
53,car,74,OVER-SPEED
54,car,73,OVER-SPEED
55,car,73,OVER-SPEED
56,car,74,OVER-SPEED
57,car,72,OVER-SPEED
58,car,75,OVER-SPEED
59,car,74,OVER-SPEED
60,car,74,OVER-SPEED
61,car,74,OVER-SPEED
62,car,73,OVER-SPEED
63,car,71,OVER-SPEED
64,car,69,OVER-SPEED
65,car,66,OVER-SPEED
66,car,66,OVER-SPEED
67,car,66,OVER-SPEED
68,car,63,OVER-SPEED
69,car,63,OVER-SPEED
77,car,62,OVER-SPEED
78,car,66,OVER-SPEED
79,car,66,OVER-SPEED
80,car,70,OVER-SPEED
81,car,73,OVER-SPEED
81,car,85,OVER-SPEED
82,car,79,OVER-SPEED
82,car,93,OVER-SPEED
83,car,81,OVER-SPEED
83,car,97,OVER-SPEED
84,car,85,OVER-SPEED
84,car,103,OVER-SPEED
85,car,85,OVER-SPEED
85,car,103,OVER-SPEED
86,car,106,OVER-SPEED
86,car,84,OVER-SPEED
87,car,103,OVER-SPEED
87,car,82,OVER-SPEED
88,car,100,OVER-SPEED
88,car,80,OVER-SPEED
89,car,98,OVER-SPEED
89,car,76,OVER-SPEED
90,car,93,OVER-SPEED
90,car,77,OVER-SPEED
91,car,93,OVER-SPEED
91,car,77,OVER-SPEED
92,car,92,OVER-SPEED
92,car,74,OVER-SPEED
93,car,90,OVER-SPEED
93,car,74,OVER-SPEED
94,car,84,OVER-SPEED
94,car,71,OVER-SPEED
95,car,82,OVER-SPEED
95,car,69,OVER-SPEED
96,car,79,OVER-SPEED
96,car,69,OVER-SPEED
97,car,79,OVER-SPEED
97,car,69,OVER-SPEED
98,car,69,OVER-SPEED
98,car,77,OVER-SPEED
99,car,65,OVER-SPEED
99,car,74,OVER-SPEED
100,car,72,OVER-SPEED
100,car,64,OVER-SPEED
101,car,71,OVER-SPEED
101,car,63,OVER-SPEED
102,car,70,OVER-SPEED
102,car,62,OVER-SPEED
103,car,70,OVER-SPEED
103,car,62,OVER-SPEED
104,car,67,OVER-SPEED
104,car,60,OVER-SPEED
105,car,65,OVER-SPEED
106,car,64,OVER-SPEED
107,car,62,OVER-SPEED
108,car,61,OVER-SPEED
109,car,61,OVER-SPEED
131,car,82,OVER-SPEED
132,car,90,OVER-SPEED
133,car,90,OVER-SPEED
134,car,94,OVER-SPEED
135,car,95,OVER-SPEED
136,car,94,OVER-SPEED
137,car,94,OVER-SPEED
138,car,96,OVER-SPEED
139,car,96,OVER-SPEED
140,car,91,OVER-SPEED
141,car,89,OVER-SPEED
142,car,86,OVER-SPEED
143,car,83,OVER-SPEED
144,car,83,OVER-SPEED
145,car,83,OVER-SPEED
146,car,79,OVER-SPEED
146,car,66,OVER-SPEED
147,car,76,OVER-SPEED
147,car,71,OVER-SPEED
147,car,62,OVER-SPEED
148,car,74,OVER-SPEED
148,car,74,OVER-SPEED
148,car,73,OVER-SPEED
149,car,82,OVER-SPEED
149,car,73,OVER-SPEED
149,car,76,OVER-SPEED
150,car,70,OVER-SPEED
150,car,88,OVER-SPEED
150,car,74,OVER-SPEED
151,car,70,OVER-SPEED
151,car,88,OVER-SPEED
151,car,74,OVER-SPEED
152,car,70,OVER-SPEED
152,car,78,OVER-SPEED
152,car,84,OVER-SPEED
153,car,67,OVER-SPEED
153,car,90,OVER-SPEED
153,car,78,OVER-SPEED
154,car,67,OVER-SPEED
154,car,79,OVER-SPEED
154,car,85,OVER-SPEED
154,car,63,OVER-SPEED
154,truck,63,OVER-SPEED
155,car,77,OVER-SPEED
155,car,64,OVER-SPEED
155,truck,67,OVER-SPEED
155,car,67,OVER-SPEED
156,car,63,OVER-SPEED
156,car,75,OVER-SPEED
156,truck,73,OVER-SPEED
157,car,63,OVER-SPEED
157,car,75,OVER-SPEED
157,truck,73,OVER-SPEED
158,car,60,OVER-SPEED
158,car,74,OVER-SPEED
158,truck,75,OVER-SPEED
158,car,75,OVER-SPEED
159,car,73,OVER-SPEED
159,truck,79,OVER-SPEED
159,car,78,OVER-SPEED
160,car,67,OVER-SPEED
160,truck,82,OVER-SPEED
160,car,82,OVER-SPEED
161,car,66,OVER-SPEED
161,truck,85,OVER-SPEED
161,car,85,OVER-SPEED
162,car,65,OVER-SPEED
162,truck,88,OVER-SPEED
163,car,65,OVER-SPEED
163,truck,88,OVER-SPEED
164,truck,93,OVER-SPEED
164,car,64,OVER-SPEED
165,car,64,OVER-SPEED
165,truck,94,OVER-SPEED
166,truck,94,OVER-SPEED
167,truck,90,OVER-SPEED
168,truck,88,OVER-SPEED
169,truck,88,OVER-SPEED
170,truck,87,OVER-SPEED
171,truck,86,OVER-SPEED
172,truck,83,OVER-SPEED
173,truck,82,OVER-SPEED
174,truck,79,OVER-SPEED
175,truck,79,OVER-SPEED
176,truck,78,OVER-SPEED
177,truck,78,OVER-SPEED
177,car,77,OVER-SPEED
178,truck,77,OVER-SPEED
179,truck,74,OVER-SPEED
180,truck,73,OVER-SPEED
181,truck,73,OVER-SPEED
182,truck,71,OVER-SPEED
183,truck,70,OVER-SPEED
184,truck,68,OVER-SPEED
185,truck,66,OVER-SPEED
186,truck,65,OVER-SPEED
187,truck,65,OVER-SPEED
188,truck,64,OVER-SPEED
189,car,64,OVER-SPEED
189,truck,63,OVER-SPEED
190,car,68,OVER-SPEED
190,truck,61,OVER-SPEED
191,car,73,OVER-SPEED
191,truck,61,OVER-SPEED
192,car,80,OVER-SPEED
193,car,80,OVER-SPEED
194,car,93,OVER-SPEED
195,car,85,OVER-SPEED
196,car,79,OVER-SPEED
201,car,63,OVER-SPEED
202,car,67,OVER-SPEED
203,car,66,OVER-SPEED
204,car,67,OVER-SPEED
205,car,67,OVER-SPEED
206,car,67,OVER-SPEED
207,car,72,OVER-SPEED
208,car,67,OVER-SPEED
209,car,69,OVER-SPEED
210,car,66,OVER-SPEED
210,car,63,OVER-SPEED
210,truck,63,OVER-SPEED
211,car,66,OVER-SPEED
211,car,63,OVER-SPEED
211,truck,63,OVER-SPEED
212,car,65,OVER-SPEED
212,car,66,OVER-SPEED
213,car,64,OVER-SPEED
213,car,71,OVER-SPEED
213,truck,71,OVER-SPEED
214,car,62,OVER-SPEED
214,car,75,OVER-SPEED
215,car,78,OVER-SPEED
216,car,82,OVER-SPEED
217,car,82,OVER-SPEED
218,car,85,OVER-SPEED
218,car,63,OVER-SPEED
218,car,64,OVER-SPEED
219,car,89,OVER-SPEED
219,car,85,OVER-SPEED
220,car,91,OVER-SPEED
220,car,85,OVER-SPEED
221,car,87,OVER-SPEED
221,car,95,OVER-SPEED
222,car,84,OVER-SPEED
222,car,98,OVER-SPEED
223,car,84,OVER-SPEED
223,car,98,OVER-SPEED
224,car,99,OVER-SPEED
224,car,84,OVER-SPEED
225,car,81,OVER-SPEED
225,car,95,OVER-SPEED
226,car,93,OVER-SPEED
226,car,81,OVER-SPEED
227,car,99,OVER-SPEED
227,car,78,OVER-SPEED
228,car,77,OVER-SPEED
228,car,96,OVER-SPEED
229,car,77,OVER-SPEED
229,car,96,OVER-SPEED
230,car,91,OVER-SPEED
230,car,75,OVER-SPEED
231,car,88,OVER-SPEED
231,car,75,OVER-SPEED
231,bus,61,OVER-SPEED
231,truck,61,OVER-SPEED
231,truck,73,OVER-SPEED
232,car,73,OVER-SPEED
232,car,88,OVER-SPEED
232,truck,63,OVER-SPEED
233,car,85,OVER-SPEED
233,truck,63,OVER-SPEED
233,car,70,OVER-SPEED
234,car,82,OVER-SPEED
234,car,70,OVER-SPEED
234,truck,66,OVER-SPEED
235,car,82,OVER-SPEED
235,car,70,OVER-SPEED
235,truck,66,OVER-SPEED
236,car,78,OVER-SPEED
236,car,67,OVER-SPEED
236,truck,67,OVER-SPEED
237,car,66,OVER-SPEED
237,car,75,OVER-SPEED
237,truck,69,OVER-SPEED
237,bus,70,OVER-SPEED
238,car,73,OVER-SPEED
238,car,65,OVER-SPEED
238,car,61,OVER-SPEED
238,bus,72,OVER-SPEED
239,car,72,OVER-SPEED
239,car,63,OVER-SPEED
239,car,64,OVER-SPEED
239,bus,74,OVER-SPEED
239,truck,64,OVER-SPEED
239,truck,75,OVER-SPEED
240,car,66,OVER-SPEED
240,car,70,OVER-SPEED
240,car,64,OVER-SPEED
240,bus,76,OVER-SPEED
240,truck,76,OVER-SPEED
241,car,65,OVER-SPEED
241,car,70,OVER-SPEED
241,car,64,OVER-SPEED
241,bus,76,OVER-SPEED
241,truck,76,OVER-SPEED
242,car,68,OVER-SPEED
242,car,63,OVER-SPEED
242,car,70,OVER-SPEED
242,bus,79,OVER-SPEED
242,truck,78,OVER-SPEED
243,car,69,OVER-SPEED
243,car,61,OVER-SPEED
243,car,67,OVER-SPEED
243,truck,79,OVER-SPEED
244,car,69,OVER-SPEED
244,car,65,OVER-SPEED
244,truck,84,OVER-SPEED
245,car,61,OVER-SPEED
245,car,67,OVER-SPEED
245,truck,84,OVER-SPEED
246,car,66,OVER-SPEED
246,car,62,OVER-SPEED
246,truck,88,OVER-SPEED
246,bus,88,OVER-SPEED
247,car,66,OVER-SPEED
247,car,62,OVER-SPEED
247,truck,88,OVER-SPEED
247,bus,88,OVER-SPEED
248,car,64,OVER-SPEED
248,car,61,OVER-SPEED
248,truck,92,OVER-SPEED
249,car,64,OVER-SPEED
249,bus,62,OVER-SPEED
249,truck,96,OVER-SPEED
249,car,60,OVER-SPEED
250,car,61,OVER-SPEED
250,bus,66,OVER-SPEED
250,car,61,OVER-SPEED
250,truck,99,OVER-SPEED
251,bus,68,OVER-SPEED
251,car,61,OVER-SPEED
251,truck,98,OVER-SPEED
252,bus,70,OVER-SPEED
252,car,63,OVER-SPEED
252,truck,104,OVER-SPEED
253,bus,70,OVER-SPEED
253,car,63,OVER-SPEED
253,truck,104,OVER-SPEED
254,bus,71,OVER-SPEED
254,truck,101,OVER-SPEED
255,bus,73,OVER-SPEED
255,truck,108,OVER-SPEED
256,bus,76,OVER-SPEED
256,truck,114,OVER-SPEED
257,bus,79,OVER-SPEED
257,truck,117,OVER-SPEED
258,bus,83,OVER-SPEED
258,truck,125,OVER-SPEED
258,truck,84,OVER-SPEED
259,bus,83,OVER-SPEED
259,truck,125,OVER-SPEED
259,truck,84,OVER-SPEED
260,truck,127,OVER-SPEED
260,bus,85,OVER-SPEED
260,truck,86,OVER-SPEED
261,truck,138,OVER-SPEED
261,bus,89,OVER-SPEED
262,bus,93,OVER-SPEED
262,truck,142,OVER-SPEED
263,bus,98,OVER-SPEED
263,truck,150,OVER-SPEED
264,bus,103,OVER-SPEED
264,truck,151,OVER-SPEED
264,truck,103,OVER-SPEED
265,bus,103,OVER-SPEED
265,truck,151,OVER-SPEED
265,truck,103,OVER-SPEED
266,bus,107,OVER-SPEED
267,bus,113,OVER-SPEED
267,truck,114,OVER-SPEED
268,bus,119,OVER-SPEED
269,truck,125,OVER-SPEED
270,truck,133,OVER-SPEED
270,bus,133,OVER-SPEED
271,truck,133,OVER-SPEED
271,bus,133,OVER-SPEED
272,truck,143,OVER-SPEED
273,truck,150,OVER-SPEED
274,bus,161,OVER-SPEED
280,car,91,OVER-SPEED
285,car,64,OVER-SPEED
286,car,67,OVER-SPEED
287,car,62,OVER-SPEED
303,car,67,OVER-SPEED
304,car,69,OVER-SPEED
305,car,73,OVER-SPEED
306,car,73,OVER-SPEED
307,car,73,OVER-SPEED
308,car,76,OVER-SPEED
309,car,73,OVER-SPEED
310,car,71,OVER-SPEED
311,car,70,OVER-SPEED
312,car,68,OVER-SPEED
313,car,68,OVER-SPEED
314,car,66,OVER-SPEED
315,car,65,OVER-SPEED
315,car,81,OVER-SPEED
315,car,81,OVER-SPEED
316,car,85,OVER-SPEED
316,car,63,OVER-SPEED
317,car,60,OVER-SPEED
317,car,88,OVER-SPEED
318,car,63,OVER-SPEED
318,car,90,OVER-SPEED
319,car,63,OVER-SPEED
319,car,90,OVER-SPEED
320,car,67,OVER-SPEED
320,car,89,OVER-SPEED
321,car,63,OVER-SPEED
321,car,91,OVER-SPEED
321,car,62,OVER-SPEED
322,car,94,OVER-SPEED
322,car,65,OVER-SPEED
322,truck,65,OVER-SPEED
323,car,94,OVER-SPEED
323,car,69,OVER-SPEED
323,truck,69,OVER-SPEED
324,car,74,OVER-SPEED
324,car,96,OVER-SPEED
325,car,74,OVER-SPEED
325,car,97,OVER-SPEED
326,car,90,OVER-SPEED
326,car,80,OVER-SPEED
327,car,85,OVER-SPEED
327,car,96,OVER-SPEED
328,car,80,OVER-SPEED
328,car,101,OVER-SPEED
329,car,79,OVER-SPEED
329,car,92,OVER-SPEED
330,car,77,OVER-SPEED
331,car,77,OVER-SPEED
332,car,74,OVER-SPEED
333,car,73,OVER-SPEED
334,car,71,OVER-SPEED
335,car,68,OVER-SPEED
336,car,66,OVER-SPEED
337,car,66,OVER-SPEED
338,car,65,OVER-SPEED
339,car,65,OVER-SPEED
340,car,63,OVER-SPEED
341,car,62,OVER-SPEED
357,car,63,OVER-SPEED
358,car,68,OVER-SPEED
358,truck,68,OVER-SPEED
359,car,71,OVER-SPEED
359,car,80,OVER-SPEED
359,truck,72,OVER-SPEED
360,car,83,OVER-SPEED
360,car,73,OVER-SPEED
361,car,83,OVER-SPEED
361,car,73,OVER-SPEED
362,car,86,OVER-SPEED
362,car,71,OVER-SPEED
362,car,87,OVER-SPEED
363,car,90,OVER-SPEED
363,car,70,OVER-SPEED
364,car,91,OVER-SPEED
365,car,94,OVER-SPEED
366,car,93,OVER-SPEED
366,car,87,OVER-SPEED
367,car,93,OVER-SPEED
367,car,87,OVER-SPEED
368,car,92,OVER-SPEED
368,car,63,OVER-SPEED
368,car,90,OVER-SPEED
369,car,90,OVER-SPEED
369,car,86,OVER-SPEED
369,car,68,OVER-SPEED
370,car,89,OVER-SPEED
370,car,86,OVER-SPEED
370,car,71,OVER-SPEED
371,car,93,OVER-SPEED
371,car,83,OVER-SPEED
371,car,76,OVER-SPEED
372,car,95,OVER-SPEED
372,car,81,OVER-SPEED
372,car,80,OVER-SPEED
373,car,95,OVER-SPEED
373,car,80,OVER-SPEED
373,car,80,OVER-SPEED
374,car,100,OVER-SPEED
374,car,79,OVER-SPEED
374,car,67,OVER-SPEED
375,car,91,OVER-SPEED
375,car,77,OVER-SPEED
375,car,77,OVER-SPEED
376,car,86,OVER-SPEED
376,car,76,OVER-SPEED
376,car,73,OVER-SPEED
377,car,82,OVER-SPEED
377,car,75,OVER-SPEED
377,car,71,OVER-SPEED
378,car,80,OVER-SPEED
378,car,72,OVER-SPEED
378,car,69,OVER-SPEED
379,car,80,OVER-SPEED
379,car,72,OVER-SPEED
379,car,69,OVER-SPEED
380,car,78,OVER-SPEED
380,car,70,OVER-SPEED
380,car,67,OVER-SPEED
381,car,74,OVER-SPEED
381,car,67,OVER-SPEED
381,car,65,OVER-SPEED
382,car,73,OVER-SPEED
382,car,67,OVER-SPEED
382,car,63,OVER-SPEED
383,car,71,OVER-SPEED
383,car,65,OVER-SPEED
383,car,61,OVER-SPEED
384,car,69,OVER-SPEED
384,car,63,OVER-SPEED
384,car,60,OVER-SPEED
385,car,69,OVER-SPEED
385,car,63,OVER-SPEED
385,car,60,OVER-SPEED
386,car,68,OVER-SPEED
386,car,63,OVER-SPEED
386,bus,64,OVER-SPEED
387,car,67,OVER-SPEED
387,car,60,OVER-SPEED
387,bus,68,OVER-SPEED
388,car,65,OVER-SPEED
388,bus,72,OVER-SPEED
388,truck,72,OVER-SPEED
389,car,63,OVER-SPEED
389,truck,75,OVER-SPEED
390,truck,79,OVER-SPEED
390,bus,79,OVER-SPEED
391,truck,79,OVER-SPEED
391,bus,79,OVER-SPEED
392,truck,83,OVER-SPEED
392,bus,83,OVER-SPEED
393,car,61,OVER-SPEED
393,bus,86,OVER-SPEED
393,truck,87,OVER-SPEED
394,car,63,OVER-SPEED
394,bus,90,OVER-SPEED
395,car,64,OVER-SPEED
395,truck,93,OVER-SPEED
396,car,68,OVER-SPEED
396,bus,95,OVER-SPEED
396,truck,97,OVER-SPEED
397,car,68,OVER-SPEED
397,bus,95,OVER-SPEED
397,truck,97,OVER-SPEED
398,car,63,OVER-SPEED
398,bus,94,OVER-SPEED
398,car,73,OVER-SPEED
398,truck,96,OVER-SPEED
399,car,67,OVER-SPEED
399,truck,92,OVER-SPEED
399,truck,75,OVER-SPEED
400,car,74,OVER-SPEED
400,car,78,OVER-SPEED
400,bus,88,OVER-SPEED
400,truck,78,OVER-SPEED
400,truck,89,OVER-SPEED
401,car,82,OVER-SPEED
401,car,83,OVER-SPEED
401,bus,87,OVER-SPEED
401,truck,87,OVER-SPEED
402,car,89,OVER-SPEED
402,car,86,OVER-SPEED
403,car,89,OVER-SPEED
403,car,86,OVER-SPEED
404,car,81,OVER-SPEED
404,car,86,OVER-SPEED
404,bus,86,OVER-SPEED
405,car,70,OVER-SPEED
405,car,77,OVER-SPEED
405,truck,88,OVER-SPEED
406,bus,78,OVER-SPEED
406,car,65,OVER-SPEED
406,car,69,OVER-SPEED
406,truck,79,OVER-SPEED
407,truck,77,OVER-SPEED
407,bus,60,OVER-SPEED
407,truck,60,OVER-SPEED
408,truck,60,OVER-SPEED
408,truck,78,OVER-SPEED
409,truck,61,OVER-SPEED
409,truck,77,OVER-SPEED
410,bus,75,OVER-SPEED
410,truck,65,OVER-SPEED
411,car,83,OVER-SPEED
411,bus,73,OVER-SPEED
411,truck,73,OVER-SPEED
412,car,90,OVER-SPEED
412,truck,74,OVER-SPEED
412,bus,72,OVER-SPEED
413,car,95,OVER-SPEED
413,truck,78,OVER-SPEED
413,bus,77,OVER-SPEED
414,car,100,OVER-SPEED
414,bus,73,OVER-SPEED
414,truck,73,OVER-SPEED
415,car,99,OVER-SPEED
415,bus,73,OVER-SPEED
415,truck,73,OVER-SPEED
416,car,94,OVER-SPEED
416,truck,73,OVER-SPEED
416,bus,72,OVER-SPEED
417,car,94,OVER-SPEED
417,bus,69,OVER-SPEED
418,car,92,OVER-SPEED
418,truck,65,OVER-SPEED
419,car,89,OVER-SPEED
419,truck,64,OVER-SPEED
419,bus,64,OVER-SPEED
420,car,89,OVER-SPEED
420,truck,63,OVER-SPEED
421,car,89,OVER-SPEED
421,truck,63,OVER-SPEED
422,car,88,OVER-SPEED
422,truck,62,OVER-SPEED
423,car,84,OVER-SPEED
423,car,64,OVER-SPEED
423,bus,61,OVER-SPEED
423,truck,62,OVER-SPEED
424,car,82,OVER-SPEED
424,car,66,OVER-SPEED
425,car,81,OVER-SPEED
425,car,70,OVER-SPEED
425,car,61,OVER-SPEED
426,car,73,OVER-SPEED
426,car,77,OVER-SPEED
426,car,61,OVER-SPEED
427,car,73,OVER-SPEED
427,car,77,OVER-SPEED
427,car,61,OVER-SPEED
428,car,74,OVER-SPEED
428,car,67,OVER-SPEED
428,car,78,OVER-SPEED
429,car,71,OVER-SPEED
429,car,73,OVER-SPEED
429,car,82,OVER-SPEED
429,car,61,OVER-SPEED
430,car,84,OVER-SPEED
430,car,71,OVER-SPEED
430,car,75,OVER-SPEED
430,car,66,OVER-SPEED
431,car,81,OVER-SPEED
431,car,75,OVER-SPEED
431,car,69,OVER-SPEED
431,car,67,OVER-SPEED
432,car,88,OVER-SPEED
432,car,67,OVER-SPEED
432,car,67,OVER-SPEED
432,car,66,OVER-SPEED
433,car,88,OVER-SPEED
433,car,67,OVER-SPEED
433,car,67,OVER-SPEED
433,car,66,OVER-SPEED
434,car,72,OVER-SPEED
434,car,63,OVER-SPEED
434,car,101,OVER-SPEED
435,car,69,OVER-SPEED
435,car,64,OVER-SPEED
435,car,98,OVER-SPEED
436,car,72,OVER-SPEED
436,car,62,OVER-SPEED
436,car,87,OVER-SPEED
437,car,61,OVER-SPEED
437,car,74,OVER-SPEED
437,car,81,OVER-SPEED
438,car,73,OVER-SPEED
439,car,73,OVER-SPEED
440,car,72,OVER-SPEED
441,car,69,OVER-SPEED
442,car,67,OVER-SPEED
443,car,66,OVER-SPEED
444,car,64,OVER-SPEED
445,car,64,OVER-SPEED
446,car,62,OVER-SPEED
447,car,62,OVER-SPEED
449,truck,63,OVER-SPEED
450,truck,65,OVER-SPEED
451,truck,65,OVER-SPEED
452,truck,68,OVER-SPEED
453,truck,73,OVER-SPEED
454,truck,77,OVER-SPEED
455,truck,80,OVER-SPEED
456,bus,83,OVER-SPEED
456,truck,83,OVER-SPEED
457,bus,83,OVER-SPEED
457,truck,83,OVER-SPEED
458,bus,85,OVER-SPEED
458,truck,84,OVER-SPEED
459,truck,85,OVER-SPEED
459,bus,84,OVER-SPEED
460,truck,81,OVER-SPEED
460,bus,81,OVER-SPEED
461,truck,79,OVER-SPEED
462,truck,77,OVER-SPEED
463,truck,77,OVER-SPEED
464,truck,76,OVER-SPEED
465,car,64,OVER-SPEED
465,truck,76,OVER-SPEED
466,car,67,OVER-SPEED
466,truck,73,OVER-SPEED
467,car,70,OVER-SPEED
467,truck,72,OVER-SPEED
468,car,74,OVER-SPEED
468,truck,62,OVER-SPEED
468,truck,71,OVER-SPEED
469,car,75,OVER-SPEED
469,truck,62,OVER-SPEED
469,truck,71,OVER-SPEED
470,car,81,OVER-SPEED
470,truck,68,OVER-SPEED
470,car,64,OVER-SPEED
470,truck,64,OVER-SPEED
471,car,73,OVER-SPEED
471,car,68,OVER-SPEED
471,truck,66,OVER-SPEED
472,car,63,OVER-SPEED
472,truck,67,OVER-SPEED
472,car,78,OVER-SPEED
472,truck,80,OVER-SPEED
473,truck,65,OVER-SPEED
473,car,78,OVER-SPEED
474,truck,64,OVER-SPEED
474,truck,82,OVER-SPEED
475,truck,64,OVER-SPEED
475,truck,82,OVER-SPEED
476,truck,62,OVER-SPEED
476,truck,87,OVER-SPEED
477,car,93,OVER-SPEED
477,truck,62,OVER-SPEED
478,bus,100,OVER-SPEED
478,truck,100,OVER-SPEED
479,bus,106,OVER-SPEED
480,car,66,OVER-SPEED
480,car,66,OVER-SPEED
481,car,66,OVER-SPEED
481,car,66,OVER-SPEED
482,car,76,OVER-SPEED
482,bus,127,OVER-SPEED
483,car,88,OVER-SPEED
484,car,88,OVER-SPEED
484,bus,136,OVER-SPEED
485,car,92,OVER-SPEED
485,bus,139,OVER-SPEED
486,car,89,OVER-SPEED
487,car,89,OVER-SPEED
488,car,93,OVER-SPEED
489,car,97,OVER-SPEED
490,car,100,OVER-SPEED
491,car,88,OVER-SPEED
492,car,86,OVER-SPEED
493,car,86,OVER-SPEED
494,car,87,OVER-SPEED
495,car,84,OVER-SPEED
496,car,82,OVER-SPEED
496,truck,63,OVER-SPEED
496,bus,63,OVER-SPEED
496,car,62,OVER-SPEED
497,car,79,OVER-SPEED
497,car,66,OVER-SPEED
498,car,78,OVER-SPEED
498,truck,65,OVER-SPEED
498,car,63,OVER-SPEED
499,car,78,OVER-SPEED
499,truck,65,OVER-SPEED
499,car,63,OVER-SPEED
500,truck,69,OVER-SPEED
500,car,75,OVER-SPEED
500,car,81,OVER-SPEED
501,truck,72,OVER-SPEED
501,car,73,OVER-SPEED
502,truck,76,OVER-SPEED
502,car,71,OVER-SPEED
503,truck,80,OVER-SPEED
503,car,69,OVER-SPEED
504,truck,84,OVER-SPEED
504,car,67,OVER-SPEED
505,truck,84,OVER-SPEED
505,car,67,OVER-SPEED
506,truck,87,OVER-SPEED
506,car,66,OVER-SPEED
507,truck,90,OVER-SPEED
507,car,64,OVER-SPEED
507,car,64,OVER-SPEED
508,truck,95,OVER-SPEED
508,car,67,OVER-SPEED
508,car,63,OVER-SPEED
509,truck,96,OVER-SPEED
509,car,62,OVER-SPEED
509,car,70,OVER-SPEED
510,truck,101,OVER-SPEED
510,car,67,OVER-SPEED
511,truck,101,OVER-SPEED
511,car,67,OVER-SPEED
512,truck,102,OVER-SPEED
512,car,64,OVER-SPEED
512,car,60,OVER-SPEED
513,truck,105,OVER-SPEED
513,car,70,OVER-SPEED
513,car,60,OVER-SPEED
514,truck,108,OVER-SPEED
514,car,61,OVER-SPEED
514,car,71,OVER-SPEED
515,truck,110,OVER-SPEED
515,car,71,OVER-SPEED
516,truck,112,OVER-SPEED
516,car,70,OVER-SPEED
517,truck,112,OVER-SPEED
517,car,70,OVER-SPEED
518,car,72,OVER-SPEED
518,truck,115,OVER-SPEED
519,car,68,OVER-SPEED
519,truck,119,OVER-SPEED
520,car,67,OVER-SPEED
520,truck,121,OVER-SPEED
521,car,66,OVER-SPEED
521,truck,123,OVER-SPEED
522,car,63,OVER-SPEED
522,truck,125,OVER-SPEED
523,car,63,OVER-SPEED
523,truck,125,OVER-SPEED
524,car,61,OVER-SPEED
524,truck,128,OVER-SPEED
525,truck,130,OVER-SPEED
526,car,60,OVER-SPEED
526,truck,132,OVER-SPEED
527,car,62,OVER-SPEED
527,truck,133,OVER-SPEED
528,car,64,OVER-SPEED
528,truck,136,OVER-SPEED
529,car,64,OVER-SPEED
529,truck,136,OVER-SPEED
530,car,68,OVER-SPEED
530,truck,139,OVER-SPEED
531,car,72,OVER-SPEED
532,car,65,OVER-SPEED
533,car,79,OVER-SPEED
533,truck,144,OVER-SPEED
534,car,72,OVER-SPEED
535,car,72,OVER-SPEED
536,car,65,OVER-SPEED
536,truck,148,OVER-SPEED
537,bus,150,OVER-SPEED
538,truck,151,OVER-SPEED
539,bus,153,OVER-SPEED
540,bus,154,OVER-SPEED
541,bus,154,OVER-SPEED
542,truck,156,OVER-SPEED
543,truck,156,OVER-SPEED
544,truck,159,OVER-SPEED
544,bus,159,OVER-SPEED
545,truck,160,OVER-SPEED
545,car,74,OVER-SPEED
546,truck,162,OVER-SPEED
546,car,94,OVER-SPEED
547,truck,162,OVER-SPEED
547,car,94,OVER-SPEED
548,truck,163,OVER-SPEED
548,car,96,OVER-SPEED
548,bus,163,OVER-SPEED
549,car,103,OVER-SPEED
549,truck,164,OVER-SPEED
549,bus,164,OVER-SPEED
550,truck,165,OVER-SPEED
550,bus,165,OVER-SPEED
551,truck,167,OVER-SPEED
551,car,112,OVER-SPEED
552,truck,168,OVER-SPEED
552,car,115,OVER-SPEED
553,truck,168,OVER-SPEED
553,car,115,OVER-SPEED
554,truck,170,OVER-SPEED
554,car,62,OVER-SPEED
554,car,119,OVER-SPEED
555,car,65,OVER-SPEED
555,truck,171,OVER-SPEED
555,bus,171,OVER-SPEED
555,car,123,OVER-SPEED
555,truck,154,OVER-SPEED
556,car,64,OVER-SPEED
556,car,69,OVER-SPEED
556,truck,169,OVER-SPEED
556,car,128,OVER-SPEED
556,bus,168,OVER-SPEED
557,car,61,OVER-SPEED
557,truck,163,OVER-SPEED
557,car,74,OVER-SPEED
557,truck,131,OVER-SPEED
558,car,66,OVER-SPEED
558,car,73,OVER-SPEED
558,bus,158,OVER-SPEED
558,truck,133,OVER-SPEED
559,car,66,OVER-SPEED
559,car,73,OVER-SPEED
559,bus,158,OVER-SPEED
559,truck,133,OVER-SPEED
560,car,70,OVER-SPEED
560,car,67,OVER-SPEED
560,bus,155,OVER-SPEED
560,truck,132,OVER-SPEED
560,truck,155,OVER-SPEED
561,car,73,OVER-SPEED
561,bus,151,OVER-SPEED
561,truck,127,OVER-SPEED
561,car,61,OVER-SPEED
561,truck,151,OVER-SPEED
561,bus,128,OVER-SPEED
562,car,77,OVER-SPEED
562,truck,148,OVER-SPEED
562,truck,123,OVER-SPEED
563,car,81,OVER-SPEED
563,bus,144,OVER-SPEED
563,truck,119,OVER-SPEED
563,truck,142,OVER-SPEED
563,bus,117,OVER-SPEED
564,truck,144,OVER-SPEED
564,car,92,OVER-SPEED
564,truck,117,OVER-SPEED
565,truck,144,OVER-SPEED
565,car,92,OVER-SPEED
565,truck,117,OVER-SPEED
566,truck,141,OVER-SPEED
566,car,85,OVER-SPEED
566,truck,114,OVER-SPEED
566,car,63,OVER-SPEED
567,truck,140,OVER-SPEED
567,car,78,OVER-SPEED
567,car,65,OVER-SPEED
567,truck,111,OVER-SPEED
568,car,66,OVER-SPEED
568,car,67,OVER-SPEED
568,bus,137,OVER-SPEED
568,truck,137,OVER-SPEED
568,truck,107,OVER-SPEED
568,bus,108,OVER-SPEED
569,truck,137,OVER-SPEED
569,truck,103,OVER-SPEED
569,car,66,OVER-SPEED
570,car,65,OVER-SPEED
570,truck,102,OVER-SPEED
570,bus,131,OVER-SPEED
570,truck,132,OVER-SPEED
571,car,65,OVER-SPEED
571,truck,102,OVER-SPEED
571,bus,131,OVER-SPEED
571,truck,132,OVER-SPEED
572,car,68,OVER-SPEED
572,bus,129,OVER-SPEED
572,truck,99,OVER-SPEED
573,car,68,OVER-SPEED
573,bus,127,OVER-SPEED
573,truck,97,OVER-SPEED
574,car,66,OVER-SPEED
574,truck,94,OVER-SPEED
574,truck,127,OVER-SPEED
575,car,66,OVER-SPEED
575,truck,92,OVER-SPEED
575,truck,124,OVER-SPEED
576,car,66,OVER-SPEED
576,truck,122,OVER-SPEED
576,truck,90,OVER-SPEED
577,car,66,OVER-SPEED
577,truck,90,OVER-SPEED
577,truck,122,OVER-SPEED
578,car,65,OVER-SPEED
578,truck,89,OVER-SPEED
578,truck,120,OVER-SPEED
579,car,64,OVER-SPEED
579,truck,86,OVER-SPEED
579,bus,118,OVER-SPEED
579,bus,86,OVER-SPEED
580,car,63,OVER-SPEED
580,truck,84,OVER-SPEED
580,truck,116,OVER-SPEED
580,bus,115,OVER-SPEED
581,truck,112,OVER-SPEED
581,truck,83,OVER-SPEED
582,car,61,OVER-SPEED
582,car,62,OVER-SPEED
582,truck,80,OVER-SPEED
582,truck,111,OVER-SPEED
583,car,62,OVER-SPEED
583,car,61,OVER-SPEED
583,truck,80,OVER-SPEED
583,truck,111,OVER-SPEED
584,truck,109,OVER-SPEED
584,car,65,OVER-SPEED
584,truck,80,OVER-SPEED
585,truck,108,OVER-SPEED
585,car,69,OVER-SPEED
585,truck,75,OVER-SPEED
586,truck,107,OVER-SPEED
586,car,73,OVER-SPEED
586,truck,73,OVER-SPEED
587,truck,105,OVER-SPEED
587,car,76,OVER-SPEED
587,car,62,OVER-SPEED
587,truck,72,OVER-SPEED
588,truck,102,OVER-SPEED
588,car,79,OVER-SPEED
588,car,67,OVER-SPEED
588,truck,70,OVER-SPEED
589,truck,102,OVER-SPEED
589,car,79,OVER-SPEED
589,car,67,OVER-SPEED
589,truck,70,OVER-SPEED
590,car,81,OVER-SPEED
590,truck,99,OVER-SPEED
590,car,72,OVER-SPEED
590,truck,69,OVER-SPEED
590,car,62,OVER-SPEED
591,car,76,OVER-SPEED
591,car,64,OVER-SPEED
591,truck,68,OVER-SPEED
591,car,88,OVER-SPEED
591,truck,100,OVER-SPEED
591,bus,100,OVER-SPEED
592,car,74,OVER-SPEED
592,truck,68,OVER-SPEED
592,truck,99,OVER-SPEED
592,car,67,OVER-SPEED
592,car,82,OVER-SPEED
593,car,75,OVER-SPEED
593,car,72,OVER-SPEED
593,car,74,OVER-SPEED
593,truck,66,OVER-SPEED
593,truck,98,OVER-SPEED
594,car,72,OVER-SPEED
594,car,65,OVER-SPEED
594,truck,64,OVER-SPEED
594,truck,95,OVER-SPEED
594,car,75,OVER-SPEED
595,car,72,OVER-SPEED
595,car,65,OVER-SPEED
595,truck,64,OVER-SPEED
595,truck,95,OVER-SPEED
595,car,75,OVER-SPEED
596,car,71,OVER-SPEED
596,truck,63,OVER-SPEED
596,bus,94,OVER-SPEED
596,car,77,OVER-SPEED
597,car,69,OVER-SPEED
597,car,83,OVER-SPEED
597,truck,63,OVER-SPEED
597,truck,94,OVER-SPEED
597,bus,94,OVER-SPEED
598,car,69,OVER-SPEED
598,truck,93,OVER-SPEED
598,car,77,OVER-SPEED
598,truck,60,OVER-SPEED
598,bus,95,OVER-SPEED
599,bus,91,OVER-SPEED
599,car,66,OVER-SPEED
599,car,68,OVER-SPEED
600,bus,90,OVER-SPEED
600,car,66,OVER-SPEED
601,bus,90,OVER-SPEED
601,car,67,OVER-SPEED
602,bus,90,OVER-SPEED
602,car,63,OVER-SPEED
602,car,81,OVER-SPEED
603,bus,88,OVER-SPEED
603,car,88,OVER-SPEED
603,car,63,OVER-SPEED
604,bus,87,OVER-SPEED
604,car,61,OVER-SPEED
604,car,92,OVER-SPEED
605,car,91,OVER-SPEED
605,car,61,OVER-SPEED
605,truck,85,OVER-SPEED
605,bus,86,OVER-SPEED
606,car,94,OVER-SPEED
606,bus,84,OVER-SPEED
606,truck,84,OVER-SPEED
607,car,94,OVER-SPEED
607,bus,84,OVER-SPEED
607,truck,84,OVER-SPEED
608,car,93,OVER-SPEED
608,bus,83,OVER-SPEED
609,car,94,OVER-SPEED
609,bus,83,OVER-SPEED
610,car,99,OVER-SPEED
610,bus,79,OVER-SPEED
611,car,96,OVER-SPEED
611,bus,79,OVER-SPEED
612,car,92,OVER-SPEED
612,bus,78,OVER-SPEED
613,car,92,OVER-SPEED
613,bus,78,OVER-SPEED
614,car,88,OVER-SPEED
614,bus,76,OVER-SPEED
615,bus,76,OVER-SPEED
615,car,85,OVER-SPEED
616,car,83,OVER-SPEED
616,bus,77,OVER-SPEED
616,car,60,OVER-SPEED
617,bus,76,OVER-SPEED
617,car,81,OVER-SPEED
618,bus,75,OVER-SPEED
618,car,78,OVER-SPEED
618,car,64,OVER-SPEED
619,bus,75,OVER-SPEED
619,car,78,OVER-SPEED
619,car,64,OVER-SPEED
620,bus,73,OVER-SPEED
620,car,78,OVER-SPEED
620,car,65,OVER-SPEED
621,bus,73,OVER-SPEED
621,car,75,OVER-SPEED
621,car,68,OVER-SPEED
622,bus,72,OVER-SPEED
622,car,72,OVER-SPEED
622,car,74,OVER-SPEED
623,bus,73,OVER-SPEED
623,car,71,OVER-SPEED
623,car,77,OVER-SPEED
623,truck,76,OVER-SPEED
624,bus,73,OVER-SPEED
624,car,71,OVER-SPEED
624,car,82,OVER-SPEED
625,bus,73,OVER-SPEED
625,car,71,OVER-SPEED
625,car,81,OVER-SPEED
626,bus,72,OVER-SPEED
626,car,68,OVER-SPEED
626,car,84,OVER-SPEED
627,bus,68,OVER-SPEED
627,car,67,OVER-SPEED
627,car,75,OVER-SPEED
627,truck,68,OVER-SPEED
628,car,67,OVER-SPEED
628,bus,71,OVER-SPEED
628,car,66,OVER-SPEED
628,truck,67,OVER-SPEED
629,car,63,OVER-SPEED
629,bus,68,OVER-SPEED
629,truck,68,OVER-SPEED
630,bus,69,OVER-SPEED
630,car,63,OVER-SPEED
630,truck,66,OVER-SPEED
631,bus,69,OVER-SPEED
631,car,63,OVER-SPEED
631,truck,66,OVER-SPEED
632,bus,68,OVER-SPEED
632,car,61,OVER-SPEED
632,truck,66,OVER-SPEED
633,truck,65,OVER-SPEED
633,bus,66,OVER-SPEED
633,truck,61,OVER-SPEED
634,bus,65,OVER-SPEED
634,truck,67,OVER-SPEED
634,truck,64,OVER-SPEED
635,car,60,OVER-SPEED
635,truck,70,OVER-SPEED
635,bus,64,OVER-SPEED
635,truck,62,OVER-SPEED
636,truck,74,OVER-SPEED
636,truck,62,OVER-SPEED
637,truck,74,OVER-SPEED
637,truck,62,OVER-SPEED
638,truck,77,OVER-SPEED
638,truck,62,OVER-SPEED
639,truck,81,OVER-SPEED
639,truck,61,OVER-SPEED
640,truck,85,OVER-SPEED
640,truck,61,OVER-SPEED
641,truck,87,OVER-SPEED
642,truck,91,OVER-SPEED
643,truck,91,OVER-SPEED
644,truck,94,OVER-SPEED
644,car,67,OVER-SPEED
645,truck,97,OVER-SPEED
645,car,70,OVER-SPEED
646,truck,100,OVER-SPEED
646,car,72,OVER-SPEED
647,truck,103,OVER-SPEED
647,car,75,OVER-SPEED
648,truck,106,OVER-SPEED
648,car,70,OVER-SPEED
649,truck,106,OVER-SPEED
649,car,70,OVER-SPEED
650,truck,108,OVER-SPEED
650,car,69,OVER-SPEED
651,truck,110,OVER-SPEED
651,car,74,OVER-SPEED
652,car,69,OVER-SPEED
652,truck,113,OVER-SPEED
653,car,68,OVER-SPEED
653,truck,116,OVER-SPEED
654,car,66,OVER-SPEED
654,truck,119,OVER-SPEED
655,car,66,OVER-SPEED
655,truck,119,OVER-SPEED
656,car,67,OVER-SPEED
656,truck,121,OVER-SPEED
657,car,65,OVER-SPEED
657,truck,123,OVER-SPEED
658,car,64,OVER-SPEED
658,truck,125,OVER-SPEED
658,car,61,OVER-SPEED
658,truck,60,OVER-SPEED
659,car,65,OVER-SPEED
659,truck,127,OVER-SPEED
659,truck,67,OVER-SPEED
659,car,65,OVER-SPEED
660,car,62,OVER-SPEED
660,truck,130,OVER-SPEED
660,truck,66,OVER-SPEED
661,car,62,OVER-SPEED
661,truck,130,OVER-SPEED
661,truck,66,OVER-SPEED
662,truck,132,OVER-SPEED
662,truck,68,OVER-SPEED
662,car,62,OVER-SPEED
663,truck,135,OVER-SPEED
663,truck,74,OVER-SPEED
663,car,64,OVER-SPEED
664,truck,136,OVER-SPEED
664,truck,80,OVER-SPEED
665,truck,139,OVER-SPEED
665,car,76,OVER-SPEED
665,truck,82,OVER-SPEED
666,truck,141,OVER-SPEED
666,car,74,OVER-SPEED
666,bus,86,OVER-SPEED
666,truck,87,OVER-SPEED
667,truck,141,OVER-SPEED
667,car,74,OVER-SPEED
667,bus,86,OVER-SPEED
667,truck,87,OVER-SPEED
668,truck,142,OVER-SPEED
668,car,77,OVER-SPEED
668,bus,92,OVER-SPEED
668,truck,91,OVER-SPEED
669,truck,144,OVER-SPEED
669,bus,96,OVER-SPEED
669,truck,96,OVER-SPEED
669,car,68,OVER-SPEED
670,truck,145,OVER-SPEED
670,bus,102,OVER-SPEED
670,truck,103,OVER-SPEED
671,truck,147,OVER-SPEED
671,bus,115,OVER-SPEED
672,bus,119,OVER-SPEED
672,truck,150,OVER-SPEED
673,bus,119,OVER-SPEED
673,truck,150,OVER-SPEED
674,bus,130,OVER-SPEED
674,bus,151,OVER-SPEED
674,truck,151,OVER-SPEED
675,bus,141,OVER-SPEED
675,bus,153,OVER-SPEED
675,truck,152,OVER-SPEED
676,bus,150,OVER-SPEED
676,bus,154,OVER-SPEED
677,bus,167,OVER-SPEED
677,truck,155,OVER-SPEED
677,bus,156,OVER-SPEED
678,truck,156,OVER-SPEED
678,bus,161,OVER-SPEED
679,truck,156,OVER-SPEED
679,bus,161,OVER-SPEED
680,truck,155,OVER-SPEED
680,bus,148,OVER-SPEED
680,truck,148,OVER-SPEED
681,truck,161,OVER-SPEED
681,bus,136,OVER-SPEED
681,truck,135,OVER-SPEED
682,truck,160,OVER-SPEED
682,bus,121,OVER-SPEED
683,truck,163,OVER-SPEED
684,truck,163,OVER-SPEED
684,car,83,OVER-SPEED
685,truck,163,OVER-SPEED
685,car,83,OVER-SPEED
686,truck,163,OVER-SPEED
686,car,86,OVER-SPEED
687,bus,161,OVER-SPEED
687,car,92,OVER-SPEED
687,truck,161,OVER-SPEED
688,truck,164,OVER-SPEED
688,car,93,OVER-SPEED
689,truck,168,OVER-SPEED
689,car,92,OVER-SPEED
690,truck,166,OVER-SPEED
690,car,95,OVER-SPEED
690,car,71,OVER-SPEED
690,bus,166,OVER-SPEED
691,truck,166,OVER-SPEED
691,car,95,OVER-SPEED
691,car,71,OVER-SPEED
691,bus,166,OVER-SPEED
692,truck,160,OVER-SPEED
692,car,97,OVER-SPEED
692,car,75,OVER-SPEED
693,truck,155,OVER-SPEED
693,car,94,OVER-SPEED
693,car,80,OVER-SPEED
694,truck,155,OVER-SPEED
694,car,93,OVER-SPEED
694,truck,82,OVER-SPEED
695,car,98,OVER-SPEED
695,truck,152,OVER-SPEED
695,car,74,OVER-SPEED
696,car,96,OVER-SPEED
696,car,60,OVER-SPEED
696,car,63,OVER-SPEED
696,truck,149,OVER-SPEED
696,car,64,OVER-SPEED
697,car,96,OVER-SPEED
697,car,60,OVER-SPEED
697,car,63,OVER-SPEED
697,car,64,OVER-SPEED
697,truck,149,OVER-SPEED
698,car,95,OVER-SPEED
698,car,67,OVER-SPEED
698,car,63,OVER-SPEED
698,truck,146,OVER-SPEED
699,car,85,OVER-SPEED
699,car,70,OVER-SPEED
699,car,67,OVER-SPEED
699,truck,142,OVER-SPEED
700,car,84,OVER-SPEED
700,car,70,OVER-SPEED
700,car,72,OVER-SPEED
700,bus,136,OVER-SPEED
700,truck,137,OVER-SPEED
701,car,81,OVER-SPEED
701,bus,135,OVER-SPEED
701,car,72,OVER-SPEED
701,car,76,OVER-SPEED
702,car,82,OVER-SPEED
702,bus,131,OVER-SPEED
702,car,73,OVER-SPEED
702,car,83,OVER-SPEED
702,car,60,OVER-SPEED
703,car,82,OVER-SPEED
703,bus,131,OVER-SPEED
703,car,73,OVER-SPEED
703,car,83,OVER-SPEED
703,car,60,OVER-SPEED
704,car,75,OVER-SPEED
704,bus,132,OVER-SPEED
704,car,82,OVER-SPEED
704,car,95,OVER-SPEED
705,car,76,OVER-SPEED
705,bus,130,OVER-SPEED
705,car,80,OVER-SPEED
705,truck,130,OVER-SPEED
706,car,73,OVER-SPEED
706,bus,126,OVER-SPEED
706,truck,126,OVER-SPEED
706,car,69,OVER-SPEED
707,car,70,OVER-SPEED
707,bus,123,OVER-SPEED
707,car,66,OVER-SPEED
708,car,70,OVER-SPEED
708,bus,122,OVER-SPEED
708,truck,123,OVER-SPEED
709,car,70,OVER-SPEED
709,bus,122,OVER-SPEED
709,truck,123,OVER-SPEED
710,car,70,OVER-SPEED
710,bus,120,OVER-SPEED
711,car,67,OVER-SPEED
711,bus,118,OVER-SPEED
711,truck,118,OVER-SPEED
712,car,67,OVER-SPEED
712,bus,118,OVER-SPEED
713,bus,114,OVER-SPEED
713,car,66,OVER-SPEED
714,car,63,OVER-SPEED
714,truck,113,OVER-SPEED
714,bus,113,OVER-SPEED
715,car,63,OVER-SPEED
715,truck,113,OVER-SPEED
715,bus,113,OVER-SPEED
716,bus,111,OVER-SPEED
716,car,61,OVER-SPEED
717,bus,109,OVER-SPEED
717,truck,110,OVER-SPEED
718,bus,107,OVER-SPEED
719,bus,105,OVER-SPEED
720,bus,103,OVER-SPEED
721,bus,103,OVER-SPEED
722,bus,102,OVER-SPEED
722,car,60,OVER-SPEED
723,car,62,OVER-SPEED
723,bus,102,OVER-SPEED
724,bus,100,OVER-SPEED
725,bus,98,OVER-SPEED
726,bus,97,OVER-SPEED
727,bus,97,OVER-SPEED
728,bus,96,OVER-SPEED
729,bus,92,OVER-SPEED
730,bus,92,OVER-SPEED
730,car,62,OVER-SPEED
730,truck,61,OVER-SPEED
731,bus,90,OVER-SPEED
731,truck,64,OVER-SPEED
731,car,64,OVER-SPEED
732,car,69,OVER-SPEED
733,car,70,OVER-SPEED
734,car,67,OVER-SPEED
734,car,66,OVER-SPEED
734,bus,88,OVER-SPEED
735,bus,87,OVER-SPEED
735,car,67,OVER-SPEED
736,car,68,OVER-SPEED
736,bus,85,OVER-SPEED
736,car,93,OVER-SPEED
736,truck,85,OVER-SPEED
737,car,64,OVER-SPEED
737,car,70,OVER-SPEED
737,bus,84,OVER-SPEED
737,car,99,OVER-SPEED
738,car,66,OVER-SPEED
738,car,71,OVER-SPEED
738,car,95,OVER-SPEED
738,bus,83,OVER-SPEED
738,truck,82,OVER-SPEED
739,car,66,OVER-SPEED
739,car,71,OVER-SPEED
739,car,95,OVER-SPEED
739,bus,83,OVER-SPEED
739,truck,82,OVER-SPEED
740,car,71,OVER-SPEED
740,car,92,OVER-SPEED
740,car,71,OVER-SPEED
740,bus,84,OVER-SPEED
740,truck,83,OVER-SPEED
741,car,74,OVER-SPEED
741,car,91,OVER-SPEED
741,car,69,OVER-SPEED
741,truck,82,OVER-SPEED
741,bus,81,OVER-SPEED
742,car,94,OVER-SPEED
742,car,77,OVER-SPEED
742,car,68,OVER-SPEED
742,truck,81,OVER-SPEED
743,car,66,OVER-SPEED
743,car,81,OVER-SPEED
743,car,91,OVER-SPEED
743,bus,79,OVER-SPEED
743,truck,80,OVER-SPEED
744,car,92,OVER-SPEED
744,car,84,OVER-SPEED
744,car,63,OVER-SPEED
744,bus,78,OVER-SPEED
745,car,92,OVER-SPEED
745,car,84,OVER-SPEED
745,car,63,OVER-SPEED
745,bus,78,OVER-SPEED
746,car,93,OVER-SPEED
746,car,62,OVER-SPEED
746,car,86,OVER-SPEED
746,bus,78,OVER-SPEED
747,car,61,OVER-SPEED
747,car,88,OVER-SPEED
747,car,82,OVER-SPEED
747,bus,77,OVER-SPEED
748,car,82,OVER-SPEED
748,car,83,OVER-SPEED
748,bus,76,OVER-SPEED
749,car,80,OVER-SPEED
749,car,80,OVER-SPEED
749,bus,74,OVER-SPEED
750,car,78,OVER-SPEED
750,bus,74,OVER-SPEED
750,car,79,OVER-SPEED
750,car,60,OVER-SPEED
751,car,78,OVER-SPEED
751,bus,74,OVER-SPEED
751,car,79,OVER-SPEED
751,car,60,OVER-SPEED
752,car,75,OVER-SPEED
752,bus,73,OVER-SPEED
752,car,76,OVER-SPEED
752,car,64,OVER-SPEED
753,car,74,OVER-SPEED
753,car,74,OVER-SPEED
753,bus,72,OVER-SPEED
753,car,69,OVER-SPEED
754,car,72,OVER-SPEED
754,car,71,OVER-SPEED
754,car,63,OVER-SPEED
754,bus,72,OVER-SPEED
754,car,83,OVER-SPEED
755,car,70,OVER-SPEED
755,car,72,OVER-SPEED
755,bus,72,OVER-SPEED
755,car,75,OVER-SPEED
755,car,71,OVER-SPEED
756,car,68,OVER-SPEED
756,bus,71,OVER-SPEED
756,car,68,OVER-SPEED
756,car,71,OVER-SPEED
756,car,67,OVER-SPEED
757,car,68,OVER-SPEED
757,bus,71,OVER-SPEED
757,car,68,OVER-SPEED
757,car,71,OVER-SPEED
757,car,67,OVER-SPEED
758,bus,70,OVER-SPEED
758,car,67,OVER-SPEED
758,car,61,OVER-SPEED
758,car,68,OVER-SPEED
758,car,71,OVER-SPEED
758,truck,71,OVER-SPEED
759,bus,69,OVER-SPEED
759,car,65,OVER-SPEED
759,car,67,OVER-SPEED
759,car,76,OVER-SPEED
760,bus,68,OVER-SPEED
760,car,65,OVER-SPEED
760,car,65,OVER-SPEED
760,car,78,OVER-SPEED
761,car,66,OVER-SPEED
761,bus,66,OVER-SPEED
761,car,63,OVER-SPEED
761,car,84,OVER-SPEED
762,car,63,OVER-SPEED
762,bus,65,OVER-SPEED
762,car,65,OVER-SPEED
762,car,88,OVER-SPEED
763,car,63,OVER-SPEED
763,bus,65,OVER-SPEED
763,car,65,OVER-SPEED
763,car,88,OVER-SPEED
764,bus,66,OVER-SPEED
764,car,62,OVER-SPEED
764,car,79,OVER-SPEED
765,bus,65,OVER-SPEED
765,car,69,OVER-SPEED
766,bus,64,OVER-SPEED
767,bus,62,OVER-SPEED
768,bus,62,OVER-SPEED
768,car,63,OVER-SPEED
768,truck,61,OVER-SPEED
769,bus,62,OVER-SPEED
769,car,63,OVER-SPEED
769,truck,61,OVER-SPEED
770,car,71,OVER-SPEED
770,bus,62,OVER-SPEED
770,truck,61,OVER-SPEED
770,car,73,OVER-SPEED
771,car,69,OVER-SPEED
771,truck,60,OVER-SPEED
771,bus,61,OVER-SPEED
771,car,70,OVER-SPEED
772,car,72,OVER-SPEED
772,truck,60,OVER-SPEED
773,car,75,OVER-SPEED
773,truck,60,OVER-SPEED
774,car,77,OVER-SPEED
775,car,77,OVER-SPEED
776,car,81,OVER-SPEED
777,car,80,OVER-SPEED
778,car,81,OVER-SPEED
779,car,76,OVER-SPEED
780,car,72,OVER-SPEED
781,car,72,OVER-SPEED
782,car,70,OVER-SPEED
783,car,68,OVER-SPEED
784,car,67,OVER-SPEED
785,car,65,OVER-SPEED
786,car,64,OVER-SPEED
787,car,64,OVER-SPEED
788,car,62,OVER-SPEED
788,car,60,OVER-SPEED
788,car,94,OVER-SPEED
789,car,104,OVER-SPEED
790,car,72,OVER-SPEED
790,car,108,OVER-SPEED
791,car,112,OVER-SPEED
792,car,118,OVER-SPEED
793,car,118,OVER-SPEED
794,truck,122,OVER-SPEED
795,car,126,OVER-SPEED
796,car,129,OVER-SPEED
797,car,125,OVER-SPEED
797,car,63,OVER-SPEED
798,car,120,OVER-SPEED
798,car,67,OVER-SPEED
798,truck,67,OVER-SPEED
799,car,120,OVER-SPEED
799,car,67,OVER-SPEED
799,truck,67,OVER-SPEED
800,car,116,OVER-SPEED
800,car,71,OVER-SPEED
800,car,60,OVER-SPEED
800,truck,71,OVER-SPEED
800,bus,72,OVER-SPEED
801,car,112,OVER-SPEED
801,car,65,OVER-SPEED
801,car,75,OVER-SPEED
801,truck,75,OVER-SPEED
802,car,114,OVER-SPEED
802,car,79,OVER-SPEED
802,car,67,OVER-SPEED
803,car,106,OVER-SPEED
803,car,81,OVER-SPEED
803,truck,81,OVER-SPEED
803,car,68,OVER-SPEED
804,car,102,OVER-SPEED
804,car,85,OVER-SPEED
805,car,102,OVER-SPEED
805,car,85,OVER-SPEED
806,car,101,OVER-SPEED
806,car,87,OVER-SPEED
807,car,96,OVER-SPEED
807,car,92,OVER-SPEED
808,car,91,OVER-SPEED
808,car,94,OVER-SPEED
808,car,85,OVER-SPEED
809,car,90,OVER-SPEED
809,car,81,OVER-SPEED
809,truck,92,OVER-SPEED
810,car,88,OVER-SPEED
810,car,73,OVER-SPEED
810,truck,90,OVER-SPEED
811,car,88,OVER-SPEED
811,car,73,OVER-SPEED
811,truck,90,OVER-SPEED
812,car,86,OVER-SPEED
812,truck,89,OVER-SPEED
812,car,64,OVER-SPEED
813,car,84,OVER-SPEED
813,truck,85,OVER-SPEED
814,car,83,OVER-SPEED
814,truck,86,OVER-SPEED
814,car,60,OVER-SPEED
815,car,80,OVER-SPEED
815,car,65,OVER-SPEED
815,truck,81,OVER-SPEED
816,car,71,OVER-SPEED
816,car,79,OVER-SPEED
816,truck,78,OVER-SPEED
817,car,71,OVER-SPEED
817,car,79,OVER-SPEED
817,truck,79,OVER-SPEED
818,car,77,OVER-SPEED
818,car,76,OVER-SPEED
818,truck,78,OVER-SPEED
819,car,75,OVER-SPEED
819,truck,75,OVER-SPEED
819,car,82,OVER-SPEED
820,car,72,OVER-SPEED
820,truck,74,OVER-SPEED
820,car,96,OVER-SPEED
821,car,71,OVER-SPEED
821,car,81,OVER-SPEED
821,truck,76,OVER-SPEED
821,car,76,OVER-SPEED
822,car,69,OVER-SPEED
822,truck,72,OVER-SPEED
822,car,66,OVER-SPEED
823,car,69,OVER-SPEED
823,truck,72,OVER-SPEED
823,car,66,OVER-SPEED
824,truck,71,OVER-SPEED
824,car,68,OVER-SPEED
825,truck,69,OVER-SPEED
825,car,67,OVER-SPEED
826,truck,66,OVER-SPEED
826,car,65,OVER-SPEED
827,car,66,OVER-SPEED
827,truck,65,OVER-SPEED
828,car,64,OVER-SPEED
828,truck,64,OVER-SPEED
829,car,64,OVER-SPEED
829,truck,64,OVER-SPEED
830,car,62,OVER-SPEED
830,truck,61,OVER-SPEED
830,truck,109,OVER-SPEED
830,truck,64,OVER-SPEED
831,car,64,OVER-SPEED
831,truck,64,OVER-SPEED
832,truck,64,OVER-SPEED
833,car,61,OVER-SPEED
833,truck,62,OVER-SPEED
833,car,62,OVER-SPEED
834,car,65,OVER-SPEED
835,car,65,OVER-SPEED
836,car,71,OVER-SPEED
837,car,81,OVER-SPEED
837,truck,89,OVER-SPEED
838,car,78,OVER-SPEED
839,car,69,OVER-SPEED
844,car,62,OVER-SPEED
845,car,67,OVER-SPEED
846,car,70,OVER-SPEED
846,car,62,OVER-SPEED
847,car,70,OVER-SPEED
847,car,62,OVER-SPEED
848,car,76,OVER-SPEED
848,car,65,OVER-SPEED
849,car,82,OVER-SPEED
849,car,68,OVER-SPEED
850,car,70,OVER-SPEED
850,car,85,OVER-SPEED
851,car,74,OVER-SPEED
851,car,99,OVER-SPEED
852,car,88,OVER-SPEED
852,car,75,OVER-SPEED
853,car,88,OVER-SPEED
853,car,75,OVER-SPEED
854,car,74,OVER-SPEED
854,car,66,OVER-SPEED
860,car,63,OVER-SPEED
861,car,65,OVER-SPEED
862,car,68,OVER-SPEED
862,car,64,OVER-SPEED
863,car,71,OVER-SPEED
863,car,69,OVER-SPEED
864,car,70,OVER-SPEED
864,car,70,OVER-SPEED
865,car,70,OVER-SPEED
865,car,71,OVER-SPEED
866,car,71,OVER-SPEED
866,car,69,OVER-SPEED
867,car,70,OVER-SPEED
867,car,68,OVER-SPEED
868,car,71,OVER-SPEED
868,car,67,OVER-SPEED
869,car,73,OVER-SPEED
869,car,63,OVER-SPEED
870,car,71,OVER-SPEED
870,car,62,OVER-SPEED
871,car,71,OVER-SPEED
871,car,62,OVER-SPEED
872,car,73,OVER-SPEED
872,car,60,OVER-SPEED
873,car,70,OVER-SPEED
874,car,70,OVER-SPEED
875,car,67,OVER-SPEED
876,car,64,OVER-SPEED
877,car,65,OVER-SPEED
878,car,65,OVER-SPEED
879,car,62,OVER-SPEED
880,car,61,OVER-SPEED
880,car,80,OVER-SPEED
881,car,87,OVER-SPEED
882,car,88,OVER-SPEED
883,car,88,OVER-SPEED
884,car,89,OVER-SPEED
885,car,104,OVER-SPEED
886,car,102,OVER-SPEED
887,car,98,OVER-SPEED
887,car,60,OVER-SPEED
888,car,96,OVER-SPEED
888,car,63,OVER-SPEED
889,car,96,OVER-SPEED
889,car,63,OVER-SPEED
890,car,100,OVER-SPEED
890,car,67,OVER-SPEED
891,car,103,OVER-SPEED
891,car,72,OVER-SPEED
892,car,100,OVER-SPEED
892,car,71,OVER-SPEED
893,car,94,OVER-SPEED
893,car,69,OVER-SPEED
894,car,92,OVER-SPEED
894,car,76,OVER-SPEED
895,car,92,OVER-SPEED
895,car,76,OVER-SPEED
896,car,89,OVER-SPEED
897,car,87,OVER-SPEED
898,car,85,OVER-SPEED
899,car,81,OVER-SPEED
900,car,80,OVER-SPEED
901,car,80,OVER-SPEED
902,car,76,OVER-SPEED
903,car,76,OVER-SPEED
904,car,74,OVER-SPEED
905,car,70,OVER-SPEED
906,car,70,OVER-SPEED
907,car,70,OVER-SPEED
908,car,68,OVER-SPEED
909,car,65,OVER-SPEED
910,car,62,OVER-SPEED
910,car,64,OVER-SPEED
911,car,65,OVER-SPEED
911,car,69,OVER-SPEED
911,car,62,OVER-SPEED
912,car,70,OVER-SPEED
912,car,70,OVER-SPEED
912,car,62,OVER-SPEED
912,car,63,OVER-SPEED
913,car,70,OVER-SPEED
913,car,62,OVER-SPEED
913,car,69,OVER-SPEED
913,car,63,OVER-SPEED
914,car,73,OVER-SPEED
914,car,62,OVER-SPEED
914,car,73,OVER-SPEED
914,car,61,OVER-SPEED
915,car,77,OVER-SPEED
915,car,75,OVER-SPEED
915,car,65,OVER-SPEED
916,car,80,OVER-SPEED
916,car,76,OVER-SPEED
916,car,67,OVER-SPEED
917,car,84,OVER-SPEED
917,car,72,OVER-SPEED
917,car,74,OVER-SPEED
918,car,80,OVER-SPEED
918,car,77,OVER-SPEED
918,car,74,OVER-SPEED
919,car,80,OVER-SPEED
919,car,77,OVER-SPEED
919,car,74,OVER-SPEED
920,car,82,OVER-SPEED
920,car,75,OVER-SPEED
920,car,77,OVER-SPEED
921,car,75,OVER-SPEED
921,car,75,OVER-SPEED
921,car,88,OVER-SPEED
922,car,73,OVER-SPEED
922,car,74,OVER-SPEED
922,car,103,OVER-SPEED
923,car,72,OVER-SPEED
923,car,94,OVER-SPEED
923,car,73,OVER-SPEED
923,car,61,OVER-SPEED
924,car,69,OVER-SPEED
924,car,73,OVER-SPEED
924,car,64,OVER-SPEED
924,car,78,OVER-SPEED
925,car,69,OVER-SPEED
925,car,73,OVER-SPEED
925,car,64,OVER-SPEED
925,car,78,OVER-SPEED
926,car,68,OVER-SPEED
926,car,71,OVER-SPEED
926,car,66,OVER-SPEED
926,car,78,OVER-SPEED
927,car,66,OVER-SPEED
927,car,70,OVER-SPEED
927,car,70,OVER-SPEED
928,car,66,OVER-SPEED
928,car,75,OVER-SPEED
928,car,66,OVER-SPEED
929,car,64,OVER-SPEED
929,car,78,OVER-SPEED
929,car,66,OVER-SPEED
930,car,63,OVER-SPEED
930,car,65,OVER-SPEED
930,car,80,OVER-SPEED
931,car,63,OVER-SPEED
931,car,65,OVER-SPEED
931,car,80,OVER-SPEED
932,car,61,OVER-SPEED
932,car,65,OVER-SPEED
932,car,82,OVER-SPEED
933,car,72,OVER-SPEED
933,car,62,OVER-SPEED
934,car,63,OVER-SPEED
947,car,79,OVER-SPEED
947,car,80,OVER-SPEED
948,car,65,OVER-SPEED
948,car,84,OVER-SPEED
949,car,65,OVER-SPEED
949,car,84,OVER-SPEED
950,car,67,OVER-SPEED
950,car,89,OVER-SPEED
951,car,93,OVER-SPEED
951,car,71,OVER-SPEED
952,car,95,OVER-SPEED
952,car,69,OVER-SPEED
953,car,91,OVER-SPEED
953,car,73,OVER-SPEED
954,car,87,OVER-SPEED
954,car,75,OVER-SPEED
955,car,87,OVER-SPEED
955,car,75,OVER-SPEED
956,car,87,OVER-SPEED
957,car,92,OVER-SPEED
958,car,95,OVER-SPEED
959,car,85,OVER-SPEED
960,car,83,OVER-SPEED
961,car,83,OVER-SPEED
962,car,82,OVER-SPEED
963,car,80,OVER-SPEED
964,car,78,OVER-SPEED
964,car,61,OVER-SPEED
965,car,79,OVER-SPEED
965,car,60,OVER-SPEED
966,car,74,OVER-SPEED
966,car,63,OVER-SPEED
967,car,74,OVER-SPEED
967,car,63,OVER-SPEED
968,car,67,OVER-SPEED
968,car,72,OVER-SPEED
969,car,72,OVER-SPEED
969,car,71,OVER-SPEED
969,car,72,OVER-SPEED
969,car,62,OVER-SPEED
970,car,72,OVER-SPEED
970,car,67,OVER-SPEED
970,car,77,OVER-SPEED
970,car,66,OVER-SPEED
971,car,81,OVER-SPEED
971,car,68,OVER-SPEED
971,car,67,OVER-SPEED
971,car,70,OVER-SPEED
972,car,71,OVER-SPEED
972,car,65,OVER-SPEED
972,car,74,OVER-SPEED
972,car,88,OVER-SPEED
973,car,65,OVER-SPEED
973,car,71,OVER-SPEED
973,car,74,OVER-SPEED
973,car,88,OVER-SPEED
974,car,66,OVER-SPEED
974,car,64,OVER-SPEED
974,car,105,OVER-SPEED
974,car,77,OVER-SPEED
975,car,69,OVER-SPEED
975,car,63,OVER-SPEED
975,car,97,OVER-SPEED
975,bus,74,OVER-SPEED
976,car,61,OVER-SPEED
976,car,66,OVER-SPEED
976,car,74,OVER-SPEED
976,car,84,OVER-SPEED
977,car,63,OVER-SPEED
977,car,71,OVER-SPEED
977,car,87,OVER-SPEED
978,car,62,OVER-SPEED
978,car,72,OVER-SPEED
978,car,61,OVER-SPEED
979,car,62,OVER-SPEED
979,car,72,OVER-SPEED
979,car,61,OVER-SPEED
980,car,61,OVER-SPEED
987,car,61,OVER-SPEED
988,car,66,OVER-SPEED
989,car,70,OVER-SPEED
990,car,75,OVER-SPEED
991,car,75,OVER-SPEED
992,car,79,OVER-SPEED
993,car,84,OVER-SPEED
994,car,87,OVER-SPEED
995,car,84,OVER-SPEED
996,car,80,OVER-SPEED
997,car,80,OVER-SPEED
998,car,80,OVER-SPEED
999,car,77,OVER-SPEED
1000,car,76,OVER-SPEED
1001,car,74,OVER-SPEED
1002,car,70,OVER-SPEED
1003,car,70,OVER-SPEED
1004,car,69,OVER-SPEED
1005,car,66,OVER-SPEED
1005,car,62,OVER-SPEED
1006,car,64,OVER-SPEED
1006,car,65,OVER-SPEED
1006,truck,62,OVER-SPEED
1006,car,62,OVER-SPEED
1007,car,63,OVER-SPEED
1007,car,71,OVER-SPEED
1007,car,67,OVER-SPEED
1008,car,62,OVER-SPEED
1008,car,75,OVER-SPEED
1008,car,68,OVER-SPEED
1009,car,62,OVER-SPEED
1009,car,75,OVER-SPEED
1009,car,68,OVER-SPEED
1010,car,61,OVER-SPEED
1010,car,80,OVER-SPEED
1010,truck,73,OVER-SPEED
1010,car,73,OVER-SPEED
1011,car,77,OVER-SPEED
1011,truck,77,OVER-SPEED
1011,car,92,OVER-SPEED
1012,car,99,OVER-SPEED
1012,car,82,OVER-SPEED
1013,car,82,OVER-SPEED
1013,car,91,OVER-SPEED
1014,car,72,OVER-SPEED
1014,car,88,OVER-SPEED
1015,car,72,OVER-SPEED
1015,car,88,OVER-SPEED
1016,car,62,OVER-SPEED
1016,car,81,OVER-SPEED
1017,car,82,OVER-SPEED
1017,car,77,OVER-SPEED
1018,car,86,OVER-SPEED
1018,car,62,OVER-SPEED
1019,car,93,OVER-SPEED
1019,bus,66,OVER-SPEED
1020,car,96,OVER-SPEED
1020,car,65,OVER-SPEED
1021,car,96,OVER-SPEED
1021,car,66,OVER-SPEED
1022,car,100,OVER-SPEED
1022,car,61,OVER-SPEED
1023,car,103,OVER-SPEED
1024,car,106,OVER-SPEED
1025,car,108,OVER-SPEED
1025,car,73,OVER-SPEED
1025,car,72,OVER-SPEED
1026,car,104,OVER-SPEED
1026,car,77,OVER-SPEED
1026,car,77,OVER-SPEED
1027,car,104,OVER-SPEED
1027,car,77,OVER-SPEED
1027,car,77,OVER-SPEED
1028,car,102,OVER-SPEED
1028,car,79,OVER-SPEED
1029,car,100,OVER-SPEED
1029,car,80,OVER-SPEED
1030,car,97,OVER-SPEED
1030,car,82,OVER-SPEED
1031,car,95,OVER-SPEED
1031,car,82,OVER-SPEED
1032,car,82,OVER-SPEED
1032,car,92,OVER-SPEED
1033,car,82,OVER-SPEED
1033,car,92,OVER-SPEED
1034,car,83,OVER-SPEED
1034,car,89,OVER-SPEED
1035,car,80,OVER-SPEED
1035,car,88,OVER-SPEED
1036,car,85,OVER-SPEED
1036,car,74,OVER-SPEED
1037,car,73,OVER-SPEED
1037,car,84,OVER-SPEED
1038,car,71,OVER-SPEED
1038,car,81,OVER-SPEED
1039,car,71,OVER-SPEED
1039,car,81,OVER-SPEED
1040,car,69,OVER-SPEED
1040,car,79,OVER-SPEED
1041,car,78,OVER-SPEED
1041,car,67,OVER-SPEED
1042,car,66,OVER-SPEED
1042,car,77,OVER-SPEED
1043,car,75,OVER-SPEED
1043,car,64,OVER-SPEED
1044,car,75,OVER-SPEED
1044,car,63,OVER-SPEED
1045,car,75,OVER-SPEED
1045,car,63,OVER-SPEED
1046,car,72,OVER-SPEED
1046,car,60,OVER-SPEED
1046,car,62,OVER-SPEED
1047,car,70,OVER-SPEED
1047,car,66,OVER-SPEED
1048,car,70,OVER-SPEED
1048,car,68,OVER-SPEED
1049,car,68,OVER-SPEED
1049,car,72,OVER-SPEED
1050,car,67,OVER-SPEED
1050,car,77,OVER-SPEED
1051,car,67,OVER-SPEED
1051,car,77,OVER-SPEED
1052,car,66,OVER-SPEED
1052,car,68,OVER-SPEED
1053,car,64,OVER-SPEED
1054,car,62,OVER-SPEED
1054,car,60,OVER-SPEED
1055,car,62,OVER-SPEED
1055,car,66,OVER-SPEED
1056,car,60,OVER-SPEED
1056,car,69,OVER-SPEED
1057,car,60,OVER-SPEED
1057,car,69,OVER-SPEED
1058,car,75,OVER-SPEED
1059,car,75,OVER-SPEED
1060,car,87,OVER-SPEED
1061,car,80,OVER-SPEED
1062,car,73,OVER-SPEED
1063,car,73,OVER-SPEED
1072,car,64,OVER-SPEED
1072,car,64,OVER-SPEED
1073,car,78,OVER-SPEED
1074,car,86,OVER-SPEED
1075,car,86,OVER-SPEED
1076,car,90,OVER-SPEED
1077,car,90,OVER-SPEED
1077,car,64,OVER-SPEED
1078,car,67,OVER-SPEED
1078,car,91,OVER-SPEED
1079,car,71,OVER-SPEED
1079,car,94,OVER-SPEED
1080,car,95,OVER-SPEED
1080,car,72,OVER-SPEED
1081,car,95,OVER-SPEED
1081,car,72,OVER-SPEED
1082,car,97,OVER-SPEED
1082,car,73,OVER-SPEED
1083,car,93,OVER-SPEED
1083,car,75,OVER-SPEED
1084,car,86,OVER-SPEED
1084,car,73,OVER-SPEED
1084,car,62,OVER-SPEED
1085,car,86,OVER-SPEED
1085,car,72,OVER-SPEED
1085,car,64,OVER-SPEED
1086,car,81,OVER-SPEED
1086,car,70,OVER-SPEED
1086,car,68,OVER-SPEED
1087,car,81,OVER-SPEED
1087,car,70,OVER-SPEED
1087,car,68,OVER-SPEED
1088,car,68,OVER-SPEED
1088,car,82,OVER-SPEED
1088,car,71,OVER-SPEED
1089,car,79,OVER-SPEED
1089,car,66,OVER-SPEED
1089,car,76,OVER-SPEED
1090,car,63,OVER-SPEED
1090,car,77,OVER-SPEED
1090,car,64,OVER-SPEED
1090,car,84,OVER-SPEED
1091,car,75,OVER-SPEED
1091,car,69,OVER-SPEED
1091,car,63,OVER-SPEED
1091,car,77,OVER-SPEED
1092,car,73,OVER-SPEED
1092,car,73,OVER-SPEED
1092,car,62,OVER-SPEED
1092,car,66,OVER-SPEED
1093,car,73,OVER-SPEED
1093,car,73,OVER-SPEED
1093,car,62,OVER-SPEED
1093,car,66,OVER-SPEED
1094,car,70,OVER-SPEED
1094,car,77,OVER-SPEED
1094,bus,139,OVER-SPEED
1095,car,69,OVER-SPEED
1095,car,80,OVER-SPEED
1095,bus,139,OVER-SPEED
1096,car,66,OVER-SPEED
1096,car,79,OVER-SPEED
1096,bus,139,OVER-SPEED
1097,car,74,OVER-SPEED
1097,car,65,OVER-SPEED
1097,bus,139,OVER-SPEED
1098,car,73,OVER-SPEED
1098,car,64,OVER-SPEED
1099,car,73,OVER-SPEED
1099,car,64,OVER-SPEED
1100,car,72,OVER-SPEED
1100,car,65,OVER-SPEED
1101,car,70,OVER-SPEED
1101,car,60,OVER-SPEED
1102,car,68,OVER-SPEED
1103,car,69,OVER-SPEED
1104,car,65,OVER-SPEED
1105,car,65,OVER-SPEED
1106,car,64,OVER-SPEED
1107,car,62,OVER-SPEED
1108,car,60,OVER-SPEED
1110,car,64,OVER-SPEED
1110,car,64,OVER-SPEED
1111,car,64,OVER-SPEED
1111,car,64,OVER-SPEED
1112,car,66,OVER-SPEED
1112,car,67,OVER-SPEED
1113,car,70,OVER-SPEED
1113,car,72,OVER-SPEED
1114,car,74,OVER-SPEED
1114,car,74,OVER-SPEED
1115,car,78,OVER-SPEED
1115,car,82,OVER-SPEED
1116,car,70,OVER-SPEED
1116,car,89,OVER-SPEED
1117,car,70,OVER-SPEED
1117,car,89,OVER-SPEED
1118,car,95,OVER-SPEED
1119,car,90,OVER-SPEED
1120,car,82,OVER-SPEED
1121,car,82,OVER-SPEED
1122,car,70,OVER-SPEED
1123,car,70,OVER-SPEED
1124,car,63,OVER-SPEED
1125,car,67,OVER-SPEED
1126,car,69,OVER-SPEED
1126,bus,70,OVER-SPEED
1127,car,88,OVER-SPEED
1128,car,82,OVER-SPEED
1129,car,82,OVER-SPEED
1130,car,76,OVER-SPEED
1131,car,66,OVER-SPEED
1133,car,89,OVER-SPEED
1134,car,95,OVER-SPEED
1135,car,95,OVER-SPEED
1136,car,104,OVER-SPEED
1137,car,102,OVER-SPEED
1138,car,99,OVER-SPEED
1139,car,96,OVER-SPEED
1140,car,98,OVER-SPEED
1141,car,99,OVER-SPEED
1142,car,91,OVER-SPEED
1143,car,86,OVER-SPEED
1144,car,86,OVER-SPEED
1145,car,82,OVER-SPEED
1146,car,81,OVER-SPEED
1147,car,81,OVER-SPEED
1148,car,77,OVER-SPEED
1149,car,76,OVER-SPEED
1150,car,72,OVER-SPEED
1151,car,70,OVER-SPEED
1152,car,70,OVER-SPEED
1153,car,70,OVER-SPEED
1154,car,69,OVER-SPEED
1155,car,66,OVER-SPEED
1156,car,65,OVER-SPEED
1157,car,63,OVER-SPEED
1158,car,61,OVER-SPEED
1159,car,61,OVER-SPEED
1161,car,63,OVER-SPEED
1162,car,67,OVER-SPEED
1163,car,71,OVER-SPEED
1164,truck,60,OVER-SPEED
1164,car,76,OVER-SPEED
1165,truck,60,OVER-SPEED
1165,car,76,OVER-SPEED
1166,car,80,OVER-SPEED
1166,truck,61,OVER-SPEED
1166,car,61,OVER-SPEED
1167,car,84,OVER-SPEED
1167,truck,65,OVER-SPEED
1168,car,80,OVER-SPEED
1168,truck,68,OVER-SPEED
1168,car,68,OVER-SPEED
1169,car,78,OVER-SPEED
1169,truck,72,OVER-SPEED
1169,car,72,OVER-SPEED
1170,car,75,OVER-SPEED
1170,truck,76,OVER-SPEED
1170,car,76,OVER-SPEED
1171,car,75,OVER-SPEED
1171,truck,76,OVER-SPEED
1171,car,76,OVER-SPEED
1172,car,62,OVER-SPEED
1172,car,82,OVER-SPEED
1172,car,73,OVER-SPEED
1172,truck,81,OVER-SPEED
1173,car,67,OVER-SPEED
1173,car,70,OVER-SPEED
1173,truck,87,OVER-SPEED
1174,car,68,OVER-SPEED
1174,car,91,OVER-SPEED
1174,truck,91,OVER-SPEED
1175,car,65,OVER-SPEED
1175,car,98,OVER-SPEED
1175,car,68,OVER-SPEED
1176,car,63,OVER-SPEED
1176,car,64,OVER-SPEED
1176,car,65,OVER-SPEED
1176,bus,106,OVER-SPEED
1176,car,106,OVER-SPEED
1176,truck,106,OVER-SPEED
1177,car,63,OVER-SPEED
1177,car,65,OVER-SPEED
1177,bus,107,OVER-SPEED
1177,car,65,OVER-SPEED
1177,car,107,OVER-SPEED
1177,truck,106,OVER-SPEED
1178,car,65,OVER-SPEED
1178,bus,113,OVER-SPEED
1178,truck,112,OVER-SPEED
1179,bus,122,OVER-SPEED
1179,car,64,OVER-SPEED
1180,car,64,OVER-SPEED
1180,car,66,OVER-SPEED
1180,bus,131,OVER-SPEED
1180,car,130,OVER-SPEED
1181,car,119,OVER-SPEED
1181,car,62,OVER-SPEED
1181,car,65,OVER-SPEED
1182,car,108,OVER-SPEED
1182,car,78,OVER-SPEED
1183,car,108,OVER-SPEED
1183,car,78,OVER-SPEED
1184,car,84,OVER-SPEED
1184,car,96,OVER-SPEED
1185,car,91,OVER-SPEED
1185,car,69,OVER-SPEED
1185,car,83,OVER-SPEED
1186,car,90,OVER-SPEED
1186,car,64,OVER-SPEED
1187,car,62,OVER-SPEED
1187,car,90,OVER-SPEED
1188,car,87,OVER-SPEED
1189,car,87,OVER-SPEED
1190,car,88,OVER-SPEED
1191,car,98,OVER-SPEED
1192,car,96,OVER-SPEED
1193,car,99,OVER-SPEED
1194,car,101,OVER-SPEED
1195,car,101,OVER-SPEED
1196,car,94,OVER-SPEED
1197,car,89,OVER-SPEED
1198,car,86,OVER-SPEED
1198,car,60,OVER-SPEED
1199,car,64,OVER-SPEED
1199,car,84,OVER-SPEED
1200,car,80,OVER-SPEED
1200,car,68,OVER-SPEED
1201,car,80,OVER-SPEED
1201,car,68,OVER-SPEED
1202,car,78,OVER-SPEED
1202,car,70,OVER-SPEED
1203,car,78,OVER-SPEED
1203,car,74,OVER-SPEED
1203,car,62,OVER-SPEED
1203,truck,62,OVER-SPEED
1204,car,75,OVER-SPEED
1204,car,67,OVER-SPEED
1204,car,81,OVER-SPEED
1205,car,72,OVER-SPEED
1205,car,72,OVER-SPEED
1205,car,87,OVER-SPEED
1205,truck,87,OVER-SPEED
1205,bus,72,OVER-SPEED
1206,car,70,OVER-SPEED
1206,car,71,OVER-SPEED
1206,car,98,OVER-SPEED
1207,car,70,OVER-SPEED
1207,car,71,OVER-SPEED
1207,car,98,OVER-SPEED
1208,car,68,OVER-SPEED
1208,car,69,OVER-SPEED
1208,car,97,OVER-SPEED
1209,car,67,OVER-SPEED
1209,car,62,OVER-SPEED
1209,car,92,OVER-SPEED
1210,car,67,OVER-SPEED
1210,car,84,OVER-SPEED
1211,car,65,OVER-SPEED
1211,car,83,OVER-SPEED
1212,car,63,OVER-SPEED
1213,car,63,OVER-SPEED
1215,car,60,OVER-SPEED
1220,car,60,OVER-SPEED
1221,car,60,OVER-SPEED
1222,car,65,OVER-SPEED
1223,car,67,OVER-SPEED
1224,car,71,OVER-SPEED
1225,car,71,OVER-SPEED
1226,car,76,OVER-SPEED
1227,car,77,OVER-SPEED
1228,car,83,OVER-SPEED
1229,car,74,OVER-SPEED
1230,car,66,OVER-SPEED
1231,car,66,OVER-SPEED
1235,car,65,OVER-SPEED
1236,car,67,OVER-SPEED
1237,car,67,OVER-SPEED
1238,car,67,OVER-SPEED
1239,car,70,OVER-SPEED
1240,car,71,OVER-SPEED
1241,car,72,OVER-SPEED
1242,car,70,OVER-SPEED
1243,car,70,OVER-SPEED
1244,car,70,OVER-SPEED
1245,car,68,OVER-SPEED
1246,car,64,OVER-SPEED
1247,car,64,OVER-SPEED
1248,car,61,OVER-SPEED
1249,car,61,OVER-SPEED
1259,car,63,OVER-SPEED
1260,car,64,OVER-SPEED
1261,car,64,OVER-SPEED
1262,car,68,OVER-SPEED
1263,car,69,OVER-SPEED
1264,car,62,OVER-SPEED
1266,car,66,OVER-SPEED
1267,car,66,OVER-SPEED
1271,car,64,OVER-SPEED
1272,car,67,OVER-SPEED
1273,car,67,OVER-SPEED
1274,car,74,OVER-SPEED
1275,car,77,OVER-SPEED
1276,car,61,OVER-SPEED
1278,car,86,OVER-SPEED
1279,car,86,OVER-SPEED
1280,car,92,OVER-SPEED
1280,car,72,OVER-SPEED
1281,car,94,OVER-SPEED
1281,car,70,OVER-SPEED
1282,car,95,OVER-SPEED
1283,car,96,OVER-SPEED
1284,car,100,OVER-SPEED
1285,car,100,OVER-SPEED
1286,car,102,OVER-SPEED
1286,car,65,OVER-SPEED
1287,car,72,OVER-SPEED
1287,car,108,OVER-SPEED
1288,car,95,OVER-SPEED
1288,car,74,OVER-SPEED
1289,car,93,OVER-SPEED
1289,car,76,OVER-SPEED
1290,car,93,OVER-SPEED
1290,car,76,OVER-SPEED
1291,car,93,OVER-SPEED
1291,car,76,OVER-SPEED
1292,car,90,OVER-SPEED
1292,car,75,OVER-SPEED
1293,car,88,OVER-SPEED
1293,car,76,OVER-SPEED
1294,car,87,OVER-SPEED
1294,car,77,OVER-SPEED
1295,car,82,OVER-SPEED
1295,car,76,OVER-SPEED
1295,car,63,OVER-SPEED
1296,car,82,OVER-SPEED
1296,car,77,OVER-SPEED
1296,car,67,OVER-SPEED
1297,car,82,OVER-SPEED
1297,car,77,OVER-SPEED
1297,car,67,OVER-SPEED
1298,car,80,OVER-SPEED
1298,car,73,OVER-SPEED
1298,car,64,OVER-SPEED
1298,car,71,OVER-SPEED
1299,car,77,OVER-SPEED
1299,car,70,OVER-SPEED
1299,car,69,OVER-SPEED
1299,car,75,OVER-SPEED
1300,car,66,OVER-SPEED
1300,car,76,OVER-SPEED
1300,car,79,OVER-SPEED
1301,car,73,OVER-SPEED
1301,car,65,OVER-SPEED
1301,car,77,OVER-SPEED
1301,car,82,OVER-SPEED
1302,car,70,OVER-SPEED
1302,car,65,OVER-SPEED
1302,car,87,OVER-SPEED
1302,car,81,OVER-SPEED
1303,car,70,OVER-SPEED
1303,car,65,OVER-SPEED
1303,car,87,OVER-SPEED
1303,car,81,OVER-SPEED
1304,car,69,OVER-SPEED
1304,car,63,OVER-SPEED
1304,car,91,OVER-SPEED
1304,car,87,OVER-SPEED
1305,car,68,OVER-SPEED
1305,car,82,OVER-SPEED
1305,car,87,OVER-SPEED
1305,car,62,OVER-SPEED
1306,car,65,OVER-SPEED
1306,car,66,OVER-SPEED
1306,car,84,OVER-SPEED
1306,car,71,OVER-SPEED
1307,car,65,OVER-SPEED
1307,car,71,OVER-SPEED
1307,car,82,OVER-SPEED
1307,car,60,OVER-SPEED
1308,car,64,OVER-SPEED
1308,car,81,OVER-SPEED
1308,car,77,OVER-SPEED
1308,car,62,OVER-SPEED
1309,car,64,OVER-SPEED
1309,car,81,OVER-SPEED
1309,car,77,OVER-SPEED
1309,car,62,OVER-SPEED
1310,car,64,OVER-SPEED
1310,car,80,OVER-SPEED
1310,car,93,OVER-SPEED
1311,car,64,OVER-SPEED
1311,car,79,OVER-SPEED
1311,car,83,OVER-SPEED
1312,car,62,OVER-SPEED
1312,car,74,OVER-SPEED
1312,car,77,OVER-SPEED
1313,car,73,OVER-SPEED
1314,car,71,OVER-SPEED
1315,car,71,OVER-SPEED
1316,car,67,OVER-SPEED
1317,car,68,OVER-SPEED
1317,car,76,OVER-SPEED
1317,car,76,OVER-SPEED
1318,car,66,OVER-SPEED
1318,car,84,OVER-SPEED
1319,car,64,OVER-SPEED
1319,car,84,OVER-SPEED
1320,car,86,OVER-SPEED
1320,car,64,OVER-SPEED
1321,car,86,OVER-SPEED
1321,car,64,OVER-SPEED
1322,car,89,OVER-SPEED
1322,car,61,OVER-SPEED
1323,car,95,OVER-SPEED
1323,car,61,OVER-SPEED
1324,car,98,OVER-SPEED
1325,car,85,OVER-SPEED
1326,car,81,OVER-SPEED
1327,car,81,OVER-SPEED
1328,car,81,OVER-SPEED
1329,car,78,OVER-SPEED
1330,car,77,OVER-SPEED
1331,car,75,OVER-SPEED
1332,car,71,OVER-SPEED
1333,car,71,OVER-SPEED
1334,car,70,OVER-SPEED
1335,car,69,OVER-SPEED
1336,car,68,OVER-SPEED
1337,car,66,OVER-SPEED
1338,car,66,OVER-SPEED
1339,car,66,OVER-SPEED
1340,car,63,OVER-SPEED
1341,car,62,OVER-SPEED
1342,car,62,OVER-SPEED
1346,car,62,OVER-SPEED
1350,car,64,OVER-SPEED
1351,car,64,OVER-SPEED
1352,car,68,OVER-SPEED
1353,car,74,OVER-SPEED
1353,car,61,OVER-SPEED
1354,car,79,OVER-SPEED
1354,car,66,OVER-SPEED
1355,car,63,OVER-SPEED
1355,car,70,OVER-SPEED
1355,car,65,OVER-SPEED
1355,car,88,OVER-SPEED
1356,car,67,OVER-SPEED
1356,car,73,OVER-SPEED
1356,car,69,OVER-SPEED
1356,car,92,OVER-SPEED
1357,car,67,OVER-SPEED
1357,car,73,OVER-SPEED
1357,car,69,OVER-SPEED
1357,car,92,OVER-SPEED
1358,car,71,OVER-SPEED
1358,car,73,OVER-SPEED
1358,car,80,OVER-SPEED
1358,car,77,OVER-SPEED
1359,car,75,OVER-SPEED
1359,car,81,OVER-SPEED
1359,car,89,OVER-SPEED
1359,car,78,OVER-SPEED
1360,car,86,OVER-SPEED
1360,car,79,OVER-SPEED
1360,car,88,OVER-SPEED
1360,car,80,OVER-SPEED
1361,car,78,OVER-SPEED
1361,car,80,OVER-SPEED
1361,car,79,OVER-SPEED
1362,car,76,OVER-SPEED
1362,car,69,OVER-SPEED
1362,car,70,OVER-SPEED
1363,car,76,OVER-SPEED
1363,car,69,OVER-SPEED
1363,car,70,OVER-SPEED
1364,car,75,OVER-SPEED
1365,car,72,OVER-SPEED
1366,car,71,OVER-SPEED
1367,car,68,OVER-SPEED
1368,car,67,OVER-SPEED
1369,car,67,OVER-SPEED
1370,car,65,OVER-SPEED
1370,car,63,OVER-SPEED
1370,truck,63,OVER-SPEED
1371,car,67,OVER-SPEED
1371,car,62,OVER-SPEED
1371,truck,66,OVER-SPEED
1372,car,62,OVER-SPEED
1372,truck,70,OVER-SPEED
1372,car,70,OVER-SPEED
1373,car,61,OVER-SPEED
1373,car,62,OVER-SPEED
1373,truck,74,OVER-SPEED
1373,car,74,OVER-SPEED
1374,car,65,OVER-SPEED
1374,car,80,OVER-SPEED
1375,car,65,OVER-SPEED
1375,car,80,OVER-SPEED
1376,car,66,OVER-SPEED
1376,car,85,OVER-SPEED
1376,truck,85,OVER-SPEED
1377,car,92,OVER-SPEED
1377,truck,91,OVER-SPEED
1378,car,97,OVER-SPEED
1378,truck,98,OVER-SPEED
1378,car,98,OVER-SPEED
1379,car,65,OVER-SPEED
1379,car,111,OVER-SPEED
1379,car,103,OVER-SPEED
1379,car,67,OVER-SPEED
1379,truck,107,OVER-SPEED
1379,bus,111,OVER-SPEED
1380,car,111,OVER-SPEED
1380,car,75,OVER-SPEED
1380,car,108,OVER-SPEED
1381,car,111,OVER-SPEED
1381,car,75,OVER-SPEED
1381,car,108,OVER-SPEED
1382,car,113,OVER-SPEED
1382,car,81,OVER-SPEED
1382,car,113,OVER-SPEED
1383,car,84,OVER-SPEED
1383,car,117,OVER-SPEED
1384,car,82,OVER-SPEED
1384,car,121,OVER-SPEED
1384,car,99,OVER-SPEED
1385,car,94,OVER-SPEED
1385,car,122,OVER-SPEED
1385,truck,124,OVER-SPEED
1386,car,97,OVER-SPEED
1386,truck,118,OVER-SPEED
1386,bus,119,OVER-SPEED
1387,car,97,OVER-SPEED
1387,truck,118,OVER-SPEED
1387,bus,119,OVER-SPEED
1388,bus,113,OVER-SPEED
1388,truck,114,OVER-SPEED
1388,car,92,OVER-SPEED
1388,truck,93,OVER-SPEED
1389,truck,111,OVER-SPEED
1389,car,89,OVER-SPEED
1389,bus,109,OVER-SPEED
1390,car,62,OVER-SPEED
1390,bus,108,OVER-SPEED
1390,truck,107,OVER-SPEED
1390,car,84,OVER-SPEED
1391,car,68,OVER-SPEED
1391,truck,102,OVER-SPEED
1391,car,81,OVER-SPEED
1392,truck,101,OVER-SPEED
1392,car,72,OVER-SPEED
1392,car,74,OVER-SPEED
1393,truck,101,OVER-SPEED
1393,car,72,OVER-SPEED
1393,car,74,OVER-SPEED
1394,car,74,OVER-SPEED
1394,truck,97,OVER-SPEED
1394,car,74,OVER-SPEED
1395,car,73,OVER-SPEED
1395,car,78,OVER-SPEED
1395,truck,95,OVER-SPEED
1395,car,95,OVER-SPEED
1396,car,73,OVER-SPEED
1396,truck,93,OVER-SPEED
1396,car,75,OVER-SPEED
1397,car,78,OVER-SPEED
1397,truck,88,OVER-SPEED
1397,car,69,OVER-SPEED
1397,car,89,OVER-SPEED
1398,car,66,OVER-SPEED
1398,truck,87,OVER-SPEED
1399,car,66,OVER-SPEED
1399,truck,87,OVER-SPEED
1400,car,66,OVER-SPEED
1400,truck,83,OVER-SPEED
1400,car,84,OVER-SPEED
1401,car,65,OVER-SPEED
1401,car,81,OVER-SPEED
1401,truck,82,OVER-SPEED
1402,car,64,OVER-SPEED
1402,truck,80,OVER-SPEED
1402,car,80,OVER-SPEED
1403,car,62,OVER-SPEED
1403,truck,79,OVER-SPEED
1403,car,77,OVER-SPEED
1404,truck,77,OVER-SPEED
1405,truck,77,OVER-SPEED
1406,truck,74,OVER-SPEED
1407,truck,72,OVER-SPEED
1407,car,72,OVER-SPEED
1408,car,70,OVER-SPEED
1408,truck,70,OVER-SPEED
1409,car,70,OVER-SPEED
1409,truck,70,OVER-SPEED
1410,car,67,OVER-SPEED
1411,car,67,OVER-SPEED
1412,car,66,OVER-SPEED
1413,truck,65,OVER-SPEED
1413,car,66,OVER-SPEED
1413,car,64,OVER-SPEED
1414,car,62,OVER-SPEED
1414,truck,65,OVER-SPEED
1414,car,64,OVER-SPEED
1415,car,68,OVER-SPEED
1415,car,63,OVER-SPEED
1415,truck,63,OVER-SPEED
1415,car,63,OVER-SPEED
1416,car,72,OVER-SPEED
1416,car,65,OVER-SPEED
1416,truck,60,OVER-SPEED
1417,car,72,OVER-SPEED
1417,car,65,OVER-SPEED
1417,truck,60,OVER-SPEED
1417,car,60,OVER-SPEED
1418,car,77,OVER-SPEED
1418,car,69,OVER-SPEED
1419,car,81,OVER-SPEED
1419,car,74,OVER-SPEED
1420,car,79,OVER-SPEED
1420,car,88,OVER-SPEED
1421,car,85,OVER-SPEED
1421,car,103,OVER-SPEED
1422,car,90,OVER-SPEED
1422,car,94,OVER-SPEED
1423,car,90,OVER-SPEED
1423,car,94,OVER-SPEED
1424,car,94,OVER-SPEED
1424,car,80,OVER-SPEED
1425,car,98,OVER-SPEED
1425,car,78,OVER-SPEED
1426,car,102,OVER-SPEED
1426,car,63,OVER-SPEED
1427,car,100,OVER-SPEED
1427,car,67,OVER-SPEED
1428,car,97,OVER-SPEED
1428,car,70,OVER-SPEED
1429,car,97,OVER-SPEED
1429,car,70,OVER-SPEED
1430,car,94,OVER-SPEED
1431,car,91,OVER-SPEED
1431,car,82,OVER-SPEED
1432,car,91,OVER-SPEED
1432,car,75,OVER-SPEED
1433,car,88,OVER-SPEED
1433,car,66,OVER-SPEED
1434,car,82,OVER-SPEED
1435,car,82,OVER-SPEED
1436,car,82,OVER-SPEED
1437,car,80,OVER-SPEED
1438,car,80,OVER-SPEED
1439,car,77,OVER-SPEED
1440,car,74,OVER-SPEED
1440,car,60,OVER-SPEED
1441,car,74,OVER-SPEED
1441,car,60,OVER-SPEED
1442,car,73,OVER-SPEED
1442,car,64,OVER-SPEED
1443,car,70,OVER-SPEED
1443,car,68,OVER-SPEED
1444,car,69,OVER-SPEED
1444,car,73,OVER-SPEED
1445,car,67,OVER-SPEED
1445,car,78,OVER-SPEED
1446,car,66,OVER-SPEED
1446,car,93,OVER-SPEED
1447,car,66,OVER-SPEED
1447,car,93,OVER-SPEED
1448,car,62,OVER-SPEED
1448,car,86,OVER-SPEED
1449,car,63,OVER-SPEED
1449,car,78,OVER-SPEED
1450,car,61,OVER-SPEED
1450,car,67,OVER-SPEED
1451,car,61,OVER-SPEED
1484,car,62,OVER-SPEED
1485,car,67,OVER-SPEED
1485,car,77,OVER-SPEED
1486,car,71,OVER-SPEED
1486,car,81,OVER-SPEED
1486,car,81,OVER-SPEED
1487,car,76,OVER-SPEED
1487,car,86,OVER-SPEED
1488,car,67,OVER-SPEED
1488,car,82,OVER-SPEED
1489,car,67,OVER-SPEED
1489,car,82,OVER-SPEED
1490,car,82,OVER-SPEED
1491,car,85,OVER-SPEED
1492,car,88,OVER-SPEED
1493,car,80,OVER-SPEED
1494,car,77,OVER-SPEED
1495,car,77,OVER-SPEED
1496,car,78,OVER-SPEED
1497,car,74,OVER-SPEED
1498,car,73,OVER-SPEED
1499,car,70,OVER-SPEED
1500,car,68,OVER-SPEED
1501,car,68,OVER-SPEED
1502,car,67,OVER-SPEED
1503,car,66,OVER-SPEED
1504,car,65,OVER-SPEED
1505,car,63,OVER-SPEED
1505,car,64,OVER-SPEED
1506,car,68,OVER-SPEED
1506,car,61,OVER-SPEED
1507,car,68,OVER-SPEED
1507,car,61,OVER-SPEED
1508,car,72,OVER-SPEED
1509,car,76,OVER-SPEED
1509,car,62,OVER-SPEED
1510,car,80,OVER-SPEED
1510,car,66,OVER-SPEED
1511,car,84,OVER-SPEED
1511,car,71,OVER-SPEED
1512,car,80,OVER-SPEED
1512,car,74,OVER-SPEED
1513,car,80,OVER-SPEED
1513,car,74,OVER-SPEED
1514,car,79,OVER-SPEED
1514,car,81,OVER-SPEED
1515,car,77,OVER-SPEED
1515,car,88,OVER-SPEED
1516,car,73,OVER-SPEED
1516,car,106,OVER-SPEED
1517,car,72,OVER-SPEED
1517,car,98,OVER-SPEED
1518,car,71,OVER-SPEED
1519,car,71,OVER-SPEED
1520,car,70,OVER-SPEED
1520,car,62,OVER-SPEED
1521,car,67,OVER-SPEED
1521,car,69,OVER-SPEED
1522,car,66,OVER-SPEED
1522,car,76,OVER-SPEED
1523,car,65,OVER-SPEED
1523,truck,83,OVER-SPEED
1523,car,83,OVER-SPEED
1524,car,64,OVER-SPEED
1524,truck,90,OVER-SPEED
1524,bus,90,OVER-SPEED
1525,car,64,OVER-SPEED
1525,truck,90,OVER-SPEED
1525,bus,90,OVER-SPEED
1526,car,61,OVER-SPEED
1526,truck,96,OVER-SPEED
1527,car,61,OVER-SPEED
1527,truck,100,OVER-SPEED
1528,truck,107,OVER-SPEED
1529,truck,113,OVER-SPEED
1530,truck,116,OVER-SPEED
1531,truck,116,OVER-SPEED
1532,truck,121,OVER-SPEED
1533,truck,124,OVER-SPEED
1536,car,61,OVER-SPEED
1537,car,61,OVER-SPEED
1538,car,67,OVER-SPEED
1539,car,64,OVER-SPEED
1540,car,64,OVER-SPEED
1541,car,67,OVER-SPEED
1542,car,69,OVER-SPEED
1543,car,69,OVER-SPEED
1544,car,70,OVER-SPEED
1545,car,70,OVER-SPEED
1546,car,73,OVER-SPEED
1547,car,72,OVER-SPEED
1548,car,70,OVER-SPEED
1549,car,70,OVER-SPEED
1550,car,68,OVER-SPEED
1551,car,64,OVER-SPEED
1552,car,64,OVER-SPEED
1553,car,62,OVER-SPEED
1554,car,60,OVER-SPEED
1555,car,60,OVER-SPEED
1557,bus,183,OVER-SPEED
1560,bus,189,OVER-SPEED
1560,car,62,OVER-SPEED
1561,bus,189,OVER-SPEED
1561,car,62,OVER-SPEED
1562,car,66,OVER-SPEED
1562,bus,189,OVER-SPEED
1563,bus,192,OVER-SPEED
1563,car,70,OVER-SPEED
1564,bus,193,OVER-SPEED
1564,car,75,OVER-SPEED
1565,bus,196,OVER-SPEED
1565,car,84,OVER-SPEED
1566,bus,197,OVER-SPEED
1566,car,99,OVER-SPEED
1567,bus,197,OVER-SPEED
1567,car,99,OVER-SPEED
1568,bus,198,OVER-SPEED
1568,car,88,OVER-SPEED
1569,bus,199,OVER-SPEED
1569,car,77,OVER-SPEED
1570,bus,202,OVER-SPEED
1570,car,76,OVER-SPEED
1571,bus,203,OVER-SPEED
1571,car,63,OVER-SPEED
1571,car,66,OVER-SPEED
1572,bus,204,OVER-SPEED
1572,car,66,OVER-SPEED
1573,bus,204,OVER-SPEED
1573,car,66,OVER-SPEED
1574,bus,206,OVER-SPEED
1575,bus,198,OVER-SPEED
1575,car,74,OVER-SPEED
1576,bus,191,OVER-SPEED
1576,car,73,OVER-SPEED
1577,car,69,OVER-SPEED
1577,truck,183,OVER-SPEED
1577,bus,184,OVER-SPEED
1578,bus,178,OVER-SPEED
1578,truck,179,OVER-SPEED
1578,car,71,OVER-SPEED
1579,bus,179,OVER-SPEED
1579,truck,179,OVER-SPEED
1579,car,71,OVER-SPEED
1580,bus,173,OVER-SPEED
1581,bus,167,OVER-SPEED
1582,bus,164,OVER-SPEED
1583,truck,160,OVER-SPEED
1583,bus,160,OVER-SPEED
1584,truck,155,OVER-SPEED
1584,bus,155,OVER-SPEED
1585,truck,155,OVER-SPEED
1585,bus,155,OVER-SPEED
1586,truck,152,OVER-SPEED
1587,bus,150,OVER-SPEED
1588,truck,150,OVER-SPEED
1588,bus,149,OVER-SPEED
1589,truck,147,OVER-SPEED
1589,bus,147,OVER-SPEED
1590,truck,141,OVER-SPEED
1590,bus,142,OVER-SPEED
1591,truck,141,OVER-SPEED
1591,bus,142,OVER-SPEED
1592,bus,137,OVER-SPEED
1592,truck,136,OVER-SPEED
1593,bus,131,OVER-SPEED
1594,truck,128,OVER-SPEED
1595,bus,129,OVER-SPEED
1595,truck,131,OVER-SPEED
1596,bus,121,OVER-SPEED
1597,bus,121,OVER-SPEED
1598,truck,118,OVER-SPEED
1599,car,62,OVER-SPEED
1599,bus,116,OVER-SPEED
1599,truck,117,OVER-SPEED
1600,car,66,OVER-SPEED
1600,truck,116,OVER-SPEED
1601,car,71,OVER-SPEED
1601,truck,111,OVER-SPEED
1602,car,75,OVER-SPEED
1602,bus,110,OVER-SPEED
1603,car,75,OVER-SPEED
1603,bus,110,OVER-SPEED
1604,bus,112,OVER-SPEED
1604,car,73,OVER-SPEED
1604,truck,93,OVER-SPEED
1605,bus,109,OVER-SPEED
1605,car,74,OVER-SPEED
1605,car,90,OVER-SPEED
1606,bus,110,OVER-SPEED
1606,car,76,OVER-SPEED
1606,car,71,OVER-SPEED
1607,bus,108,OVER-SPEED
1607,car,72,OVER-SPEED
1607,car,72,OVER-SPEED
1608,car,72,OVER-SPEED
1608,bus,107,OVER-SPEED
1608,car,66,OVER-SPEED
1609,car,73,OVER-SPEED
1609,bus,107,OVER-SPEED
1609,car,66,OVER-SPEED
1610,bus,98,OVER-SPEED
1610,car,72,OVER-SPEED
1611,bus,96,OVER-SPEED
1611,car,73,OVER-SPEED
1612,car,74,OVER-SPEED
1612,bus,94,OVER-SPEED
1613,car,73,OVER-SPEED
1613,bus,92,OVER-SPEED
1614,car,73,OVER-SPEED
1614,bus,91,OVER-SPEED
1615,car,73,OVER-SPEED
1615,bus,91,OVER-SPEED
1616,car,70,OVER-SPEED
1616,bus,89,OVER-SPEED
1617,bus,87,OVER-SPEED
1617,car,68,OVER-SPEED
1618,bus,84,OVER-SPEED
1618,car,66,OVER-SPEED
1619,car,62,OVER-SPEED
1619,bus,87,OVER-SPEED
1619,car,63,OVER-SPEED
1620,car,64,OVER-SPEED
1620,car,63,OVER-SPEED
1620,bus,82,OVER-SPEED
1621,car,64,OVER-SPEED
1621,car,63,OVER-SPEED
1621,bus,82,OVER-SPEED
1622,car,68,OVER-SPEED
1622,car,62,OVER-SPEED
1622,bus,81,OVER-SPEED
1623,car,73,OVER-SPEED
1623,bus,80,OVER-SPEED
1624,car,68,OVER-SPEED
1624,bus,80,OVER-SPEED
1625,truck,80,OVER-SPEED
1625,bus,82,OVER-SPEED
1626,bus,79,OVER-SPEED
1626,truck,81,OVER-SPEED
1627,bus,79,OVER-SPEED
1627,truck,81,OVER-SPEED
1628,truck,75,OVER-SPEED
1628,bus,75,OVER-SPEED
1629,truck,73,OVER-SPEED
1630,bus,75,OVER-SPEED
1630,truck,76,OVER-SPEED
1631,bus,73,OVER-SPEED
1632,bus,72,OVER-SPEED
1632,truck,72,OVER-SPEED
1633,bus,72,OVER-SPEED
1633,truck,72,OVER-SPEED
1634,bus,71,OVER-SPEED
1635,bus,71,OVER-SPEED
1636,bus,69,OVER-SPEED
1637,bus,74,OVER-SPEED
1638,bus,71,OVER-SPEED
1639,bus,71,OVER-SPEED
1640,bus,72,OVER-SPEED
1641,bus,68,OVER-SPEED
1642,bus,65,OVER-SPEED
1643,bus,65,OVER-SPEED
1644,bus,64,OVER-SPEED
1645,bus,64,OVER-SPEED
1646,bus,63,OVER-SPEED
1647,bus,67,OVER-SPEED
1648,bus,62,OVER-SPEED
1649,bus,60,OVER-SPEED
1652,truck,63,OVER-SPEED
1652,car,63,OVER-SPEED
1653,car,65,OVER-SPEED
1654,truck,71,OVER-SPEED
1655,truck,75,OVER-SPEED
1655,car,61,OVER-SPEED
1655,car,75,OVER-SPEED
1656,truck,79,OVER-SPEED
1656,car,80,OVER-SPEED
1656,truck,67,OVER-SPEED
1657,truck,80,OVER-SPEED
1657,car,80,OVER-SPEED
1657,truck,67,OVER-SPEED
1658,car,71,OVER-SPEED
1658,truck,84,OVER-SPEED
1658,car,83,OVER-SPEED
1659,car,74,OVER-SPEED
1659,truck,91,OVER-SPEED
1660,car,81,OVER-SPEED
1660,car,96,OVER-SPEED
1661,car,85,OVER-SPEED
1661,car,91,OVER-SPEED
1661,car,78,OVER-SPEED
1661,car,73,OVER-SPEED
1662,car,88,OVER-SPEED
1662,car,84,OVER-SPEED
1662,car,80,OVER-SPEED
1663,car,88,OVER-SPEED
1663,car,84,OVER-SPEED
1663,car,80,OVER-SPEED
1664,car,93,OVER-SPEED
1664,car,81,OVER-SPEED
1664,car,69,OVER-SPEED
1665,car,93,OVER-SPEED
1665,car,79,OVER-SPEED
1666,car,92,OVER-SPEED
1666,car,77,OVER-SPEED
1667,car,95,OVER-SPEED
1667,car,73,OVER-SPEED
1668,car,101,OVER-SPEED
1668,car,74,OVER-SPEED
1669,car,101,OVER-SPEED
1669,car,74,OVER-SPEED
1670,car,70,OVER-SPEED
1670,car,104,OVER-SPEED
1671,car,85,OVER-SPEED
1671,car,67,OVER-SPEED
1672,car,81,OVER-SPEED
1672,car,67,OVER-SPEED
1673,car,82,OVER-SPEED
1673,car,64,OVER-SPEED
1674,car,80,OVER-SPEED
1674,car,65,OVER-SPEED
1675,car,80,OVER-SPEED
1675,car,65,OVER-SPEED
1676,car,81,OVER-SPEED
1676,car,62,OVER-SPEED
1676,car,62,OVER-SPEED
1677,car,76,OVER-SPEED
1677,car,66,OVER-SPEED
1677,car,61,OVER-SPEED
1677,truck,60,OVER-SPEED
1678,car,73,OVER-SPEED
1678,car,69,OVER-SPEED
1679,car,71,OVER-SPEED
1679,car,70,OVER-SPEED
1680,car,69,OVER-SPEED
1680,car,84,OVER-SPEED
1680,car,61,OVER-SPEED
1681,car,69,OVER-SPEED
1681,car,84,OVER-SPEED
1681,car,62,OVER-SPEED
1682,car,68,OVER-SPEED
1682,car,79,OVER-SPEED
1682,car,64,OVER-SPEED
1683,car,71,OVER-SPEED
1683,car,67,OVER-SPEED
1683,car,70,OVER-SPEED
1684,car,67,OVER-SPEED
1684,car,65,OVER-SPEED
1684,car,74,OVER-SPEED
1685,car,62,OVER-SPEED
1685,car,81,OVER-SPEED
1686,car,61,OVER-SPEED
1686,car,85,OVER-SPEED
1687,car,61,OVER-SPEED
1687,car,85,OVER-SPEED
1688,car,91,OVER-SPEED
1689,car,88,OVER-SPEED
1690,car,61,OVER-SPEED
1690,car,78,OVER-SPEED
1691,car,62,OVER-SPEED
1691,car,69,OVER-SPEED
1691,car,79,OVER-SPEED
1691,car,70,OVER-SPEED
1692,car,74,OVER-SPEED
1693,car,74,OVER-SPEED
1694,car,78,OVER-SPEED
1695,car,81,OVER-SPEED
1696,car,79,OVER-SPEED
1697,car,82,OVER-SPEED
1698,car,84,OVER-SPEED
1699,car,84,OVER-SPEED
1700,car,84,OVER-SPEED
1701,car,82,OVER-SPEED
1702,car,85,OVER-SPEED
1703,car,78,OVER-SPEED
1704,car,74,OVER-SPEED
1705,car,74,OVER-SPEED
1706,car,75,OVER-SPEED
1707,car,72,OVER-SPEED
1708,car,72,OVER-SPEED
1709,car,71,OVER-SPEED
1710,car,67,OVER-SPEED
1710,bus,139,OVER-SPEED
1711,car,67,OVER-SPEED
1711,bus,139,OVER-SPEED
1712,car,66,OVER-SPEED
1712,bus,139,OVER-SPEED
